image_name,width,height,x0,y0,x1,y1
00001722.jpg,1333,2000,490,320,687,664
00001044.jpg,2000,1333,791,119,1200,436
00001050.jpg,667,1000,304,155,407,331
00001736.jpg,626,417,147,14,519,303
00003121.jpg,626,418,462,60,599,166
00000400.jpg,600,400,148,61,377,242
00002571.jpg,960,720,117,159,317,334
00000366.jpg,900,601,170,88,506,350
00002565.jpg,1267,712,241,40,963,513
00001939.jpg,612,424,195,57,383,209
00001087.jpg,1024,683,405,27,614,189
00001093.jpg,821,1300,290,28,392,211
00001905.jpg,612,408,137,20,394,224
00001911.jpg,792,463,317,187,442,272
00002997.jpg,882,588,269,245,363,318
00003451.jpg,236,354,87,46,131,121
00001246.jpg,600,419,210,32,361,158
00001520.jpg,1098,732,684,251,987,486
00002029.jpg,345,520,149,66,207,167
00003337.jpg,500,500,173,8,252,100
00003323.jpg,408,612,170,77,247,208
00001252.jpg,343,280,144,31,211,94
00002983.jpg,1200,939,435,149,553,254
00003445.jpg,236,314,44,21,95,97
00002015.jpg,684,1024,147,71,528,720
00000602.jpg,1300,956,368,184,622,402
00000616.jpg,910,607,458,373,644,514
00002001.jpg,1500,1120,564,1,960,328
00002767.jpg,900,600,240,36,864,531
00000170.jpg,626,418,299,72,368,127
00002954.jpg,866,1300,166,448,355,778
00003492.jpg,236,354,101,26,145,103
00000825.jpg,367,550,161,32,236,163
00000831.jpg,800,450,154,7,685,362
00002798.jpg,1000,667,106,332,264,454
00002940.jpg,1062,1092,386,360,481,474
00003486.jpg,236,157,64,24,169,106
00000819.jpg,1024,683,289,20,640,292
00001332.jpg,600,620,237,2,376,167
00000992.jpg,1125,750,479,194,694,357
00003243.jpg,500,488,157,284,215,350
00000986.jpg,1600,900,832,488,1380,854
00001440.jpg,3850,2567,1204,564,2289,1406
00001326.jpg,626,417,130,35,303,172
00002607.jpg,626,417,279,48,456,185
00002161.jpg,1000,730,70,140,172,227
00001468.jpg,600,419,276,55,589,309
00000762.jpg,800,583,482,22,622,141
00002613.jpg,2000,1333,369,324,984,800
00000004.jpg,1000,1241,476,177,588,335
00000789.jpg,2000,3019,735,296,1171,1062
00000951.jpg,1356,1681,376,164,619,516
00001497.jpg,600,336,125,26,344,172
00001483.jpg,960,580,156,4,860,489
00002808.jpg,500,333,179,59,336,183
00003041.jpg,800,533,312,64,639,323
00000548.jpg,508,339,395,100,506,188
00001656.jpg,650,433,329,16,443,105
00001130.jpg,867,1300,131,1,442,422
00001124.jpg,500,333,81,1,412,183
00001642.jpg,1125,750,452,219,677,393
00003055.jpg,1300,957,191,187,527,475
00002405.jpg,2048,1365,1266,105,1634,397
00000206.jpg,1000,667,527,87,803,296
00002411.jpg,840,560,470,76,678,237
00003069.jpg,1023,713,224,319,483,529
00000560.jpg,1500,1001,769,81,1271,464
00001695.jpg,323,254,98,62,211,166
00001681.jpg,626,417,250,48,386,156
00001859.jpg,678,1024,313,126,397,274
00001871.jpg,390,280,127,33,273,152
00001865.jpg,1050,700,335,26,827,408
00001864.jpg,1300,866,476,81,606,182
00001870.jpg,676,1023,103,44,434,614
00001858.jpg,1600,1156,890,74,1286,407
00001680.jpg,600,419,245,43,358,134
00003097.jpg,612,408,420,149,522,229
00003083.jpg,1000,1500,379,207,490,402
00001694.jpg,319,450,109,27,182,146
00000207.jpg,1024,682,639,136,758,228
00001119.jpg,400,600,133,1,238,176
00000561.jpg,8192,5461,3976,2375,5544,3592
00003068.jpg,960,640,307,176,658,448
00002376.jpg,800,547,162,39,741,500
00000213.jpg,735,490,212,39,499,261
00001125.jpg,1000,569,381,77,614,231
00003054.jpg,960,720,637,132,792,267
00001643.jpg,1300,970,761,224,1005,435
00001657.jpg,1500,1101,739,240,1081,538
00000549.jpg,626,415,90,148,229,256
00002438.jpg,1400,1750,642,320,776,519
00001131.jpg,366,540,99,34,258,301
00003295.jpg,612,361,356,65,575,219
00001482.jpg,770,513,254,21,467,190
00000944.jpg,866,1390,431,78,564,328
00002821.jpg,2500,1667,1266,393,1835,826
00000788.jpg,590,788,252,67,358,232
00002174.jpg,1067,1390,280,429,455,689
00000763.jpg,955,1300,234,170,492,578
00000005.jpg,1300,957,811,171,976,313
00002606.jpg,640,480,334,75,410,142
00000011.jpg,4256,2832,1481,830,2110,1317
00000777.jpg,1024,683,312,98,678,389
00001469.jpg,700,1050,353,35,438,183
00002160.jpg,699,1050,192,331,442,768
00001441.jpg,1470,980,496,62,938,405
00000987.jpg,683,1023,297,42,442,296
00003256.jpg,1024,1024,324,382,674,782
00001327.jpg,1300,1300,355,124,691,515
00001333.jpg,1000,667,602,67,835,248
00001455.jpg,1001,1600,486,248,580,422
00000993.jpg,1024,682,501,86,844,347
00000830.jpg,500,327,210,43,319,126
00003487.jpg,236,236,79,60,132,121
00002941.jpg,464,700,141,261,224,407
00002799.jpg,800,532,398,255,690,481
00001284.jpg,1300,863,302,39,646,304
00000824.jpg,333,519,116,26,194,167
00002000.jpg,640,360,146,42,376,193
00000617.jpg,1024,683,123,114,328,273
00002766.jpg,2048,1365,751,248,1516,841
00003478.jpg,236,157,28,3,159,105
00002772.jpg,866,1390,89,24,539,846
00000165.jpg,681,1024,260,202,483,584
00000603.jpg,1155,648,681,81,1077,340
00001535.jpg,333,519,149,1,307,277
00003444.jpg,800,800,400,203,590,425
00001253.jpg,626,626,162,151,381,406
00000159.jpg,1000,667,259,251,383,347
00001247.jpg,800,551,271,100,527,306
00003450.jpg,236,353,112,143,141,194
00003336.jpg,1186,750,459,184,729,382
00002028.jpg,1581,1054,637,87,1113,455
00001910.jpg,598,900,171,70,426,518
00001904.jpg,866,1390,96,107,517,878
00001092.jpg,600,420,277,48,466,199
00001938.jpg,360,254,61,17,241,162
00001086.jpg,800,582,203,194,343,313
00002564.jpg,464,600,150,158,256,317
00002202.jpg,800,475,425,112,522,181
00003108.jpg,504,483,280,233,355,314
00001079.jpg,866,1390,243,280,445,657
00001051.jpg,1068,1700,448,30,718,530
00000429.jpg,600,400,358,136,429,191
00001737.jpg,1024,774,435,52,689,271
00001723.jpg,1024,682,316,22,690,312
00001045.jpg,450,315,159,26,355,190
00001735.jpg,390,280,106,9,229,112
00001047.jpg,1300,1298,488,103,809,477
00003136.jpg,894,610,329,294,433,377
00002228.jpg,700,1050,244,67,354,259
00001721.jpg,600,421,344,156,408,209
00001709.jpg,4016,6016,1812,745,2969,2718
00002566.jpg,680,1019,306,113,383,251
00002572.jpg,800,1200,332,39,514,350
00000365.jpg,1000,667,503,65,804,293
00001090.jpg,1039,1300,570,97,685,269
00001084.jpg,390,280,164,16,233,73
00001912.jpg,1500,1120,434,86,1065,634
00001906.jpg,683,1024,364,109,510,363
00001251.jpg,779,1000,407,81,492,207
00002758.jpg,488,488,104,31,242,188
00003320.jpg,640,960,264,312,453,634
00001537.jpg,392,600,146,46,275,275
00001523.jpg,2000,1333,495,282,1374,963
00003334.jpg,612,408,90,126,336,317
00003452.jpg,236,354,86,87,116,140
00000615.jpg,1232,821,981,229,1193,394
00002002.jpg,1300,956,152,2,996,535
00002016.jpg,855,1390,249,193,675,980
00003308.jpg,720,1076,387,87,581,425
00000601.jpg,640,427,254,97,377,192
00001279.jpg,209,140,75,32,148,90
00002943.jpg,600,419,16,17,348,338
00000832.jpg,590,887,253,34,371,236
00000826.jpg,1024,682,368,50,617,243
00001286.jpg,1000,668,502,135,690,281
00001325.jpg,1300,956,88,1,1198,885
00003254.jpg,612,408,380,85,456,142
00000985.jpg,2000,3000,938,338,1540,1388
00001443.jpg,1600,1155,866,59,1147,295
00001457.jpg,866,1300,283,216,384,388
00003240.jpg,390,280,117,62,251,174
00002638.jpg,1023,682,560,245,740,385
00002610.jpg,1024,682,569,168,699,269
00001319.jpg,333,519,145,46,220,180
00000761.jpg,236,354,101,7,131,59
00003268.jpg,509,340,300,87,406,169
00002162.jpg,640,480,153,56,569,411
00000775.jpg,1000,1498,356,570,539,889
00002604.jpg,1300,956,496,89,923,454
00002837.jpg,829,580,460,290,583,390
00001480.jpg,1000,667,342,99,839,494
00003297.jpg,735,490,199,81,356,203
00003283.jpg,800,533,388,71,526,178
00000952.jpg,590,367,180,37,350,160
00001494.jpg,450,320,306,21,389,90
00002823.jpg,504,358,213,154,267,198
00001899.jpg,1300,957,525,125,933,475
00001641.jpg,600,420,238,52,371,160
00002348.jpg,2946,1960,1744,237,2473,801
00003056.jpg,633,1234,194,683,402,1144
00000239.jpg,500,486,117,181,174,245
00001133.jpg,533,849,199,1,370,304
00003042.jpg,3072,2304,1294,1,2025,480
00001655.jpg,800,533,317,101,568,291
00002374.jpg,789,900,579,148,700,306
00000563.jpg,650,433,115,130,239,226
00000205.jpg,800,582,499,92,636,208
00002412.jpg,1500,1000,139,264,519,559
00002406.jpg,1000,750,754,182,941,346
00000211.jpg,534,849,175,202,271,380
00000577.jpg,590,394,420,62,513,134
00001669.jpg,600,900,267,33,343,166
00002360.jpg,381,600,150,131,207,234
00003095.jpg,1300,959,266,207,762,633
00001682.jpg,600,900,253,121,331,257
00001696.jpg,390,280,205,22,290,93
00000588.jpg,1800,1200,1244,293,1628,591
00003081.jpg,616,823,177,99,483,565
00001866.jpg,1000,1500,427,320,680,752
00001872.jpg,1300,881,258,23,602,300
00001873.jpg,800,582,417,99,658,303
00003080.jpg,390,280,14,59,189,202
00000589.jpg,590,433,53,30,112,81
00001697.jpg,800,746,1,1,339,371
00001668.jpg,626,417,245,45,373,144
00000576.jpg,1500,1120,1005,53,1419,413
00000562.jpg,630,343,22,62,233,196
00002375.jpg,551,751,161,48,313,289
00002413.jpg,3000,2000,1756,307,2219,666
00000204.jpg,300,470,128,70,163,134
00001132.jpg,450,347,205,56,369,207
00003043.jpg,500,333,193,56,371,194
00003057.jpg,227,340,107,92,150,166
00002349.jpg,612,408,163,44,364,203
00000238.jpg,400,600,154,74,225,195
00000953.jpg,1000,1500,392,123,588,465
00002822.jpg,1024,683,621,298,854,479
00002836.jpg,1300,956,460,176,640,330
00003296.jpg,612,408,238,177,411,311
00001481.jpg,650,433,169,61,344,197
00000947.jpg,682,1024,317,139,382,253
00000774.jpg,736,1104,273,108,405,338
00002163.jpg,918,1390,372,133,609,551
00002605.jpg,960,702,300,204,454,339
00000012.jpg,600,400,183,73,402,243
00000006.jpg,2667,4000,1002,787,1547,1739
00002611.jpg,466,700,87,96,129,169
00003269.jpg,612,415,131,118,300,251
00000760.jpg,800,533,320,85,571,279
00001456.jpg,667,1000,274,47,443,335
00000990.jpg,612,408,236,27,497,235
00001330.jpg,800,533,164,28,450,250
00002639.jpg,1500,1219,842,341,980,469
00001324.jpg,1000,667,454,66,629,203
00001442.jpg,460,374,106,1,445,262
00003255.jpg,800,800,113,304,316,539
00000827.jpg,666,440,382,56,547,180
00002956.jpg,497,347,174,58,321,176
00001287.jpg,1600,1167,492,42,1092,551
00001293.jpg,626,418,195,60,400,223
00003484.jpg,543,810,104,57,465,682
00000833.jpg,533,849,159,133,275,349
00003309.jpg,612,408,366,104,499,206
00002771.jpg,2500,1891,1429,876,1679,1092
00000166.jpg,1000,610,433,25,944,380
00001278.jpg,600,397,316,49,504,191
00000172.jpg,681,1024,319,141,455,375
00002003.jpg,1024,684,162,30,1002,683
00001522.jpg,626,417,362,63,490,165
00001244.jpg,2000,1125,748,173,1175,452
00003453.jpg,236,157,128,9,190,58
00002995.jpg,2048,1362,965,161,1946,920
00002759.jpg,1200,1200,420,372,621,607
00003447.jpg,612,408,92,44,293,203
00001536.jpg,626,417,330,55,591,262
00001907.jpg,400,278,88,36,278,193
00001913.jpg,867,1300,333,77,495,361
00001085.jpg,1600,1000,339,1,1378,629
00001091.jpg,4000,6000,1408,1,2359,1617
00000364.jpg,400,600,190,88,234,164
00002573.jpg,960,720,562,151,780,346
00002215.jpg,612,487,362,36,493,157
00000416.jpg,1600,1167,609,70,861,285
00001708.jpg,1500,1098,879,201,1228,498
00002201.jpg,1200,633,779,293,1148,519
00001046.jpg,390,280,122,3,365,202
00000358.jpg,6000,4000,3241,724,4441,1655
00001720.jpg,600,900,175,5,463,495
00002229.jpg,374,580,166,161,273,351
00003123.jpg,538,700,123,159,174,237
00001734.jpg,1023,709,534,53,849,306
00001052.jpg,500,813,181,9,372,370
00002563.jpg,1280,855,444,13,804,294
00002205.jpg,861,1390,368,67,464,247
00001718.jpg,398,600,149,66,225,200
00000406.jpg,200,200,80,51,119,97
00002211.jpg,1300,956,202,64,1156,862
00002577.jpg,683,1024,295,338,423,557
00000348.jpg,590,342,319,69,418,137
00001056.jpg,2940,1960,1374,340,1961,797
00001730.jpg,600,420,265,35,408,151
00003127.jpg,6000,4000,3293,1004,4573,2019
00002239.jpg,1000,667,609,95,897,318
00003133.jpg,612,408,174,230,273,306
00001724.jpg,407,612,93,99,283,423
00001042.jpg,800,582,204,39,595,378
00001917.jpg,1024,683,366,54,1016,569
00001095.jpg,600,398,191,3,589,284
00002588.jpg,1024,1024,540,115,892,517
00001081.jpg,509,339,193,33,319,131
00000610.jpg,1500,1117,502,47,754,266
00002007.jpg,612,408,255,29,427,166
00003319.jpg,800,533,306,29,800,441
00000162.jpg,400,280,214,50,313,131
00002775.jpg,1024,800,316,239,438,350
00002013.jpg,1333,2000,430,134,840,850
00000604.jpg,1600,1168,469,342,910,709
00003325.jpg,1200,750,345,85,767,392
00001532.jpg,500,750,195,175,327,406
00001254.jpg,1300,731,532,65,804,239
00003443.jpg,236,330,97,30,152,119
00002985.jpg,1300,868,638,47,876,233
00003457.jpg,236,354,95,53,148,145
00002991.jpg,1080,720,564,105,689,202
00001240.jpg,500,749,198,174,298,344
00001526.jpg,866,1390,399,35,618,444
00003331.jpg,1600,1155,499,397,768,619
00000837.jpg,400,191,8,1,251,139
00003480.jpg,236,156,80,21,148,73
00001297.jpg,600,419,253,30,361,118
00002952.jpg,1300,889,612,105,955,372
00000764.jpg,1001,1600,441,64,613,384
00002615.jpg,1024,682,346,184,501,304
00001308.jpg,1067,1700,479,156,644,455
00003279.jpg,679,1024,254,401,334,542
00002167.jpg,612,459,116,81,330,268
00000770.jpg,590,396,194,21,389,173
00001446.jpg,590,885,236,55,399,339
00000758.jpg,1300,867,487,54,853,339
00001320.jpg,682,1023,131,1,584,705
00001452.jpg,1332,850,761,55,1077,290
00000994.jpg,600,419,236,58,516,295
00003245.jpg,800,800,665,426,794,583
00001485.jpg,319,450,133,95,219,236
00000943.jpg,533,800,167,12,428,458
00003292.jpg,2000,1333,693,364,1363,895
00002826.jpg,1300,956,581,89,947,403
00002198.jpg,471,630,215,33,283,139
00001491.jpg,1470,980,412,50,776,332
00000957.jpg,2946,1960,1204,139,1492,362
00000566.jpg,910,780,323,473,513,662
00001678.jpg,450,319,188,46,269,112
00002365.jpg,1600,1199,624,250,944,529
00002403.jpg,313,512,70,12,172,203
00001644.jpg,319,450,109,27,182,146
00003053.jpg,1920,1534,477,179,665,354
00002359.jpg,300,350,173,18,241,108
00001888.jpg,600,418,267,68,419,189
00001650.jpg,417,626,58,26,332,495
00001877.jpg,1500,1120,652,53,972,338
00003090.jpg,900,900,355,315,469,447
00001687.jpg,1300,956,381,98,605,289
00001693.jpg,1023,682,406,50,796,352
00003085.jpg,1000,1500,281,685,690,1400
00001692.jpg,1300,975,617,106,889,343
00000598.jpg,1024,683,246,164,425,304
00001686.jpg,559,309,110,5,497,254
00001876.jpg,2000,1333,313,58,958,559
00001862.jpg,540,720,169,74,444,500
00001651.jpg,333,519,114,145,164,236
00001889.jpg,1000,667,527,87,803,296
00003046.jpg,533,800,258,252,340,396
00002358.jpg,637,960,377,58,478,234
00001137.jpg,1068,1700,533,406,701,718
00001123.jpg,1800,1202,693,309,1038,577
00003052.jpg,280,370,84,73,129,143
00002364.jpg,2000,2000,635,241,1454,1194
00002416.jpg,1280,720,921,135,1076,239
00001679.jpg,866,1300,481,190,630,450
00000567.jpg,1500,1000,450,302,1016,741
00002827.jpg,1000,667,590,187,777,333
00000956.jpg,683,1024,232,122,362,350
00003287.jpg,500,500,116,44,198,139
00002199.jpg,470,423,210,65,367,230
00003293.jpg,736,981,188,170,309,354
00001484.jpg,400,272,198,84,366,217
00001335.jpg,1333,2000,626,186,781,457
00003244.jpg,640,960,282,354,352,476
00000995.jpg,800,534,92,16,313,188
00001453.jpg,1024,768,417,68,617,243
00000981.jpg,600,400,232,34,374,147
00002628.jpg,601,900,362,123,449,274
00002600.jpg,570,778,274,1,343,100
00000765.jpg,768,1024,291,59,407,239
00000003.jpg,500,350,101,25,176,87
00002953.jpg,844,1023,531,116,638,267
00001282.jpg,333,519,187,20,228,93
00000836.jpg,1232,821,376,147,816,489
00001296.jpg,1000,667,226,109,484,309
00000188.jpg,640,427,85,93,155,147
00003481.jpg,236,353,81,72,124,147
00002748.jpg,1024,765,626,111,753,221
00002990.jpg,1300,996,703,279,845,406
00003456.jpg,236,337,80,257,117,319
00001527.jpg,600,900,208,57,286,193
00001533.jpg,1024,709,513,118,895,426
00002984.jpg,682,1023,227,312,427,662
00003442.jpg,459,612,191,145,313,329
00001255.jpg,800,533,362,63,583,231
00000605.jpg,800,534,131,96,313,234
00002012.jpg,1500,1120,502,61,795,316
00002006.jpg,800,553,220,22,717,431
00000177.jpg,6000,4000,1308,92,3873,2125
00001902.jpg,2410,1465,881,222,1561,703
00001916.jpg,1024,658,214,58,479,255
00003132.jpg,1300,957,224,198,458,398
00001043.jpg,500,333,201,76,323,170
00001057.jpg,590,393,179,144,297,238
00003126.jpg,533,800,125,62,363,468
00001731.jpg,720,908,34,1,543,656
00001719.jpg,768,1024,263,57,374,229
00000361.jpg,2600,1734,1286,460,1743,815
00000413.jpg,1058,1600,379,272,545,565
00002204.jpg,626,417,207,45,423,212
00002574.jpg,900,600,256,40,539,255
00000363.jpg,1281,681,192,149,484,330
00002212.jpg,736,1104,242,73,410,366
00000411.jpg,1080,1350,481,441,615,632
00000377.jpg,1000,667,645,104,945,337
00002560.jpg,512,354,50,1,508,353
00001041.jpg,867,1390,191,183,343,467
00002548.jpg,840,560,334,163,634,396
00003130.jpg,868,1300,376,241,475,414
00001727.jpg,1300,788,656,143,1073,437
00001733.jpg,800,534,487,43,657,176
00003124.jpg,500,751,124,213,197,339
00001055.jpg,957,1300,285,173,379,321
00001900.jpg,1500,1000,819,48,1300,421
00001914.jpg,1300,956,337,11,1259,799
00002010.jpg,590,394,258,100,347,169
00001519.jpg,1000,694,232,47,526,279
00002776.jpg,2500,1667,1552,237,1972,563
00002762.jpg,1000,1000,351,130,741,584
00000175.jpg,1300,956,669,132,799,243
00002004.jpg,600,419,271,74,358,144
00001525.jpg,780,527,149,24,473,279
00003332.jpg,679,960,313,375,485,658
00003454.jpg,236,354,75,34,129,128
00001243.jpg,343,280,144,31,211,94
00003440.jpg,236,354,98,54,143,133
00002986.jpg,960,640,4,111,142,219
00002038.jpg,1024,781,335,44,763,424
00003326.jpg,375,500,286,122,326,184
00001531.jpg,612,410,63,1,574,398
00002979.jpg,1200,631,422,128,833,380
00000820.jpg,1078,1600,265,136,399,367
00001280.jpg,436,280,150,16,228,74
00003497.jpg,236,354,64,130,138,256
00003483.jpg,236,355,76,38,150,168
00002945.jpg,1080,1350,263,173,851,1030
00000834.jpg,1000,635,220,11,790,431
00000015.jpg,1333,2000,471,315,774,845
00002602.jpg,800,533,435,113,606,245
00001479.jpg,1600,1167,708,81,971,310
00000767.jpg,1024,701,341,87,529,240
00000997.jpg,699,1050,254,24,394,263
00003246.jpg,626,417,290,56,563,273
00001337.jpg,1300,956,521,155,947,520
00001323.jpg,391,280,137,21,247,113
00001445.jpg,600,600,362,13,445,112
00000983.jpg,866,1390,431,78,564,328
00000968.jpg,866,1300,486,24,594,212
00001492.jpg,880,660,531,171,719,331
00002825.jpg,1280,853,608,126,763,249
00000798.jpg,970,1455,327,1,619,494
00003291.jpg,1024,681,610,174,762,289
00001109.jpg,800,533,312,46,494,190
00000571.jpg,626,417,231,179,393,304
00002366.jpg,640,748,303,46,413,195
00000565.jpg,1024,769,751,231,979,431
00000203.jpg,667,1000,292,4,619,573
00002414.jpg,1400,933,584,128,1183,592
00003044.jpg,5184,3456,2185,646,2829,1134
00001653.jpg,1000,667,341,101,649,340
00000559.jpg,1024,682,470,198,639,329
00001647.jpg,800,533,403,49,624,220
00002428.jpg,640,480,316,1,583,226
00001121.jpg,334,519,147,27,213,148
00001874.jpg,233,350,84,5,193,195
00001860.jpg,360,254,99,11,270,152
00001690.jpg,1470,980,641,145,969,399
00001848.jpg,1300,947,480,81,770,327
00003087.jpg,960,444,744,121,949,238
00002399.jpg,900,600,399,130,811,450
00003093.jpg,1440,1800,267,521,681,1125
00001684.jpg,1001,1600,189,49,579,775
00001685.jpg,518,612,213,114,285,213
00003092.jpg,236,354,83,58,126,131
00003086.jpg,626,417,390,100,548,223
00001691.jpg,1280,720,828,28,1188,264
00001861.jpg,1300,922,416,64,774,360
00003051.jpg,600,400,163,32,408,222
00001646.jpg,680,1024,256,85,392,323
00000558.jpg,622,415,161,207,230,261
00001120.jpg,612,408,128,14,543,343
00002429.jpg,650,667,95,22,514,522
00001652.jpg,781,1024,331,82,418,215
00003045.jpg,700,466,390,107,550,230
00000564.jpg,1300,957,223,192,597,513
00002373.jpg,682,1024,311,103,412,279
00002415.jpg,500,280,121,1,499,259
00001108.jpg,600,419,181,11,312,117
00002367.jpg,700,350,81,2,563,271
00002830.jpg,829,1200,95,326,182,471
00000941.jpg,900,600,314,108,523,270
00001487.jpg,400,620,158,52,241,203
00000799.jpg,1300,957,185,29,494,299
00000955.jpg,1000,1620,218,207,519,774
00001493.jpg,1500,964,579,68,935,341
00003284.jpg,612,408,387,158,520,262
00000969.jpg,853,1000,388,128,538,333
00000982.jpg,533,849,256,145,314,253
00003247.jpg,800,533,332,123,499,253
00000996.jpg,1067,1700,308,169,508,540
00001450.jpg,850,1280,288,354,486,694
00002617.jpg,1800,1200,1123,368,1508,666
00002171.jpg,830,430,321,2,783,281
00000772.jpg,600,475,123,51,246,164
00002165.jpg,2760,1890,815,1,2020,915
00002603.jpg,840,473,596,271,696,337
00001295.jpg,749,937,128,235,215,361
00002944.jpg,533,800,217,161,349,392
00003482.jpg,236,157,88,48,133,83
00000835.jpg,2946,1960,1827,136,2344,537
00003496.jpg,235,307,74,26,105,74
00002788.jpg,735,1000,218,131,459,504
00001281.jpg,1300,957,355,98,691,386
00002978.jpg,427,640,148,29,318,319
00000809.jpg,2000,1333,813,216,1231,540
00002987.jpg,960,444,386,56,853,302
00001530.jpg,467,635,153,1,284,184
00003327.jpg,612,413,219,121,295,182
00003333.jpg,255,340,81,66,125,134
00002993.jpg,1500,1500,793,326,1035,608
00000174.jpg,1500,1125,31,202,616,712
00002763.jpg,605,756,287,107,344,189
00002005.jpg,512,512,208,1,312,94
00000612.jpg,900,601,284,183,464,323
00002011.jpg,1600,1068,463,100,790,360
00002777.jpg,1024,683,379,131,715,392
00001929.jpg,600,900,126,46,288,328
00001097.jpg,1300,957,413,96,679,328
00001083.jpg,673,1024,241,77,548,620
00001901.jpg,861,1300,385,105,547,389
00001732.jpg,866,1300,431,152,553,366
00002549.jpg,800,800,189,175,356,369
00001040.jpg,590,426,193,41,311,140
00001726.jpg,1000,667,447,75,735,298
00003131.jpg,682,1024,324,181,407,326
00000362.jpg,1300,867,513,64,1057,495
00000339.jpg,1000,1500,392,611,533,858
00001027.jpg,3456,5184,486,1032,2500,4471
00001741.jpg,236,373,72,3,150,142
00001999.jpg,400,225,27,7,320,199
00003156.jpg,1200,1199,563,357,706,523
00003142.jpg,735,490,175,84,567,389
00001755.jpg,1300,956,616,100,870,323
00001033.jpg,1024,704,354,75,587,266
00000305.jpg,1200,1800,553,383,750,728
00002512.jpg,660,373,338,19,504,129
00001769.jpg,866,1390,339,160,520,498
00002260.jpg,1280,720,21,1,1113,680
00001782.jpg,600,398,272,47,529,245
00001796.jpg,590,393,208,53,559,325
00001966.jpg,400,289,152,19,316,156
00001972.jpg,1500,1120,570,27,1022,410
00003354.jpg,900,900,414,61,569,242
00001543.jpg,1001,1600,237,72,465,496
00000885.jpg,333,500,67,45,189,259
00001225.jpg,1300,957,354,58,644,306
00003426.jpg,236,306,177,169,213,224
00001231.jpg,2000,1335,896,277,1424,687
00001557.jpg,993,1300,304,340,616,805
00000891.jpg,1000,752,164,99,786,643
00000661.jpg,1500,1000,120,97,273,216
00002076.jpg,1500,1120,527,54,959,429
00003368.jpg,1376,2000,782,231,949,520
00002710.jpg,1300,957,751,90,979,285
00001219.jpg,333,519,136,110,185,200
00000107.jpg,2000,1335,775,364,998,537
00002704.jpg,2048,1365,791,4,1371,308
00002062.jpg,800,561,211,69,677,449
00000675.jpg,750,501,189,106,268,167
00001580.jpg,333,519,179,88,214,149
00003397.jpg,417,626,178,131,271,294
00002089.jpg,370,280,203,22,285,95
00002937.jpg,612,408,205,57,310,138
00002923.jpg,720,480,395,193,542,307
00001594.jpg,683,1024,260,216,373,408
00003220.jpg,500,333,237,82,293,125
00000729.jpg,980,980,518,532,682,724
00001351.jpg,683,1024,317,204,392,334
00002658.jpg,400,600,70,173,149,309
00002880.jpg,1000,714,389,167,665,402
00001423.jpg,1067,1700,540,180,672,425
00000715.jpg,1500,1000,798,357,1185,658
00002102.jpg,1000,667,501,47,866,331
00000067.jpg,1333,2000,700,244,949,680
00001379.jpg,1800,1200,460,113,844,411
00002670.jpg,1470,980,553,580,806,772
00002116.jpg,1067,1700,461,47,675,443
00000701.jpg,1000,1000,345,337,645,687
00000932.jpg,436,600,206,68,284,193
00002843.jpg,900,663,256,105,363,197
00001392.jpg,1000,1500,406,580,610,936
00001386.jpg,760,434,136,1,682,347
00002857.jpg,612,408,164,128,307,238
00000926.jpg,1356,1681,376,164,619,516
00001635.jpg,407,612,166,88,269,268
00003036.jpg,1200,800,350,118,829,489
00001621.jpg,1307,1960,224,374,363,618
00001147.jpg,500,334,124,60,208,124
00002466.jpg,1024,682,126,80,478,353
00002300.jpg,962,1215,359,132,661,576
00000517.jpg,2000,1333,4,244,460,621
00001609.jpg,1300,956,777,322,981,494
00000503.jpg,1300,1043,650,500,946,777
00002314.jpg,448,600,272,143,324,225
00002472.jpg,640,468,177,154,282,243
00000265.jpg,667,1000,295,170,519,560
00001190.jpg,236,340,49,1,134,139
00002499.jpg,800,675,248,1,800,555
00001184.jpg,1024,683,350,131,538,277
00001806.jpg,1050,700,296,96,978,625
00001807.jpg,1200,798,569,122,945,413
00001813.jpg,683,1024,160,293,485,860
00001191.jpg,1000,714,421,55,674,266
00000502.jpg,1300,956,647,219,843,387
00001608.jpg,1000,709,566,90,789,273
00000516.jpg,1300,956,365,164,589,355
00002301.jpg,1200,1800,492,293,717,685
00001620.jpg,1000,667,450,95,785,361
00001152.jpg,1257,1300,524,171,731,421
00003023.jpg,549,309,415,121,520,188
00001634.jpg,500,333,205,36,322,129
00002856.jpg,612,408,265,118,445,258
00000099.jpg,950,1300,334,349,501,609
00001387.jpg,2940,1960,737,231,1467,786
00000933.jpg,683,1024,232,122,362,350
00002842.jpg,480,360,157,13,255,96
00002117.jpg,1300,1152,557,14,823,288
00002103.jpg,1500,1120,519,35,933,402
00000072.jpg,612,407,360,54,515,176
00001344.jpg,920,1380,155,244,364,610
00001422.jpg,667,1000,344,250,480,493
00001436.jpg,1333,2000,516,249,839,825
00002659.jpg,1500,1371,783,728,970,926
00001350.jpg,600,900,242,47,318,179
00002922.jpg,868,1300,461,135,572,331
00000853.jpg,1315,2000,610,173,770,456
00001595.jpg,1000,854,367,54,615,300
00000847.jpg,4083,5104,1541,1215,2412,2456
00001581.jpg,656,1024,288,142,440,420
00002705.jpg,960,641,318,160,713,467
00002063.jpg,867,1390,368,319,451,474
00003369.jpg,612,485,11,74,136,189
00002077.jpg,267,400,90,52,220,278
00002711.jpg,786,469,153,45,310,152
00002739.jpg,626,418,290,83,384,156
00003427.jpg,612,408,135,42,476,307
00001556.jpg,608,342,35,1,566,291
00000884.jpg,1024,663,281,35,403,127
00001542.jpg,2269,1960,1689,251,1921,489
00003433.jpg,236,354,78,61,123,140
00001973.jpg,654,980,204,101,347,345
00001967.jpg,1024,678,558,194,746,339
00001797.jpg,958,1277,277,139,705,788
00000489.jpg,750,1127,371,329,489,536
00001783.jpg,958,1231,425,127,678,506
00003194.jpg,612,433,465,32,535,89
00001768.jpg,1024,683,359,198,654,426
00002275.jpg,612,408,219,45,464,235
00001754.jpg,600,849,231,197,362,413
00003143.jpg,1285,2048,533,511,872,1141
00001032.jpg,1000,1250,357,377,595,723
00001026.jpg,418,626,145,99,232,252
00000338.jpg,640,427,158,103,263,183
00002249.jpg,1330,919,128,82,1197,905
00001740.jpg,1470,980,359,254,896,671
00003141.jpg,600,397,56,112,176,204
00001756.jpg,800,533,243,1,797,411
00000448.jpg,650,433,528,192,624,266
00001742.jpg,360,255,149,45,221,104
00003155.jpg,700,466,181,5,563,294
00002263.jpg,2560,1627,192,646,447,835
00003169.jpg,500,500,228,145,308,238
00000460.jpg,1300,956,715,62,975,289
00002511.jpg,1300,957,454,204,642,368
00001795.jpg,1024,683,1,1,1005,683
00003196.jpg,509,339,249,57,439,205
00001959.jpg,996,1600,368,131,543,458
00001781.jpg,682,1024,197,97,509,628
00001971.jpg,1300,956,513,14,773,236
00001965.jpg,590,393,214,93,384,224
00001554.jpg,626,417,363,56,532,187
00003343.jpg,1000,1000,745,595,874,743
00003425.jpg,800,800,305,178,405,294
00000138.jpg,390,280,159,70,234,132
00003431.jpg,736,1111,169,470,257,620
00002049.jpg,1600,1167,605,99,918,365
00003357.jpg,844,1390,139,146,308,470
00001540.jpg,1600,1087,696,221,1310,706
00000886.jpg,800,1200,283,237,415,466
00001568.jpg,626,417,265,32,437,166
00000110.jpg,1600,1168,514,89,1260,737
00002707.jpg,500,333,188,35,402,200
00002713.jpg,1024,683,456,139,684,316
00000104.jpg,950,1300,334,349,501,609
00002075.jpg,1024,694,447,94,748,331
00001597.jpg,1300,956,634,270,888,487
00000851.jpg,612,612,1,41,408,564
00002920.jpg,1024,681,193,154,569,445
00002934.jpg,1170,550,628,39,1037,268
00001583.jpg,2000,1333,536,94,1112,531
00000845.jpg,600,439,178,31,464,279
00003394.jpg,612,433,261,191,416,321
00002908.jpg,533,800,186,86,366,400
00000879.jpg,2000,3019,656,296,1092,1062
00001420.jpg,800,1200,334,162,490,436
00003237.jpg,500,604,221,256,315,388
00002129.jpg,1300,866,583,235,860,450
00002897.jpg,612,408,222,56,395,190
00000058.jpg,2000,1268,707,292,1259,690
00001352.jpg,1001,1600,426,412,609,754
00002883.jpg,1536,1024,164,196,1039,874
00002115.jpg,626,418,355,60,564,223
00000702.jpg,736,736,368,275,477,399
00002667.jpg,600,419,257,65,445,218
00002101.jpg,1000,667,381,267,535,386
00001385.jpg,695,1050,400,209,476,340
00002854.jpg,900,600,225,2,785,409
00002698.jpg,4800,3600,2708,446,4091,1653
00001391.jpg,450,288,144,15,190,50
00000931.jpg,1000,1620,299,152,508,546
00002868.jpg,400,600,148,75,323,387
00001144.jpg,267,400,74,112,159,259
00003035.jpg,390,280,54,75,131,139
00001622.jpg,866,1300,388,317,491,496
00000528.jpg,1300,957,798,279,1047,492
00001636.jpg,864,1300,236,83,382,332
00003021.jpg,550,374,32,77,229,233
00002459.jpg,1200,1800,239,1,1162,1346
00002471.jpg,568,433,37,8,220,170
00001178.jpg,1600,1167,576,190,1057,599
00000266.jpg,700,467,352,88,576,258
00002317.jpg,682,1024,225,64,413,393
00003009.jpg,500,701,183,171,260,297
00002303.jpg,2061,3000,515,452,1354,1874
00000272.jpg,399,620,148,93,198,184
00001839.jpg,866,1300,177,8,566,687
00001193.jpg,800,582,133,88,384,301
00001805.jpg,1300,956,543,75,926,402
00001811.jpg,907,1390,221,267,461,694
00001810.jpg,408,612,127,15,264,253
00001192.jpg,1300,957,632,210,998,524
00001186.jpg,1500,1143,616,97,903,351
00000298.jpg,768,512,77,118,184,200
00001838.jpg,500,333,186,25,295,109
00001179.jpg,800,534,404,39,611,199
00003008.jpg,1242,918,158,1,1083,309
00003020.jpg,414,230,160,96,255,157
00001637.jpg,1307,1960,499,570,778,1047
00001151.jpg,1331,2000,476,613,754,1099
00001623.jpg,433,650,152,187,244,349
00003034.jpg,1000,1527,622,667,725,849
00002869.jpg,681,1024,228,127,394,410
00001390.jpg,334,519,153,38,231,176
00002841.jpg,480,360,272,69,362,148
00000930.jpg,800,533,153,35,306,154
00000924.jpg,735,980,341,69,492,303
00002855.jpg,1080,720,392,59,787,371
00001384.jpg,710,1024,219,161,423,504
00000717.jpg,1600,1138,593,163,787,324
00001409.jpg,800,582,357,126,450,205
00000703.jpg,1024,576,410,55,692,240
00002114.jpg,500,625,283,42,387,194
00002672.jpg,688,1024,235,246,376,490
00001353.jpg,2000,1333,571,94,1318,673
00001435.jpg,1300,821,186,1,1049,572
00003222.jpg,236,354,114,71,153,138
00002128.jpg,390,280,100,34,278,186
00001421.jpg,1600,1090,781,144,1177,458
00001347.jpg,861,1300,389,76,519,304
00002896.jpg,2000,1333,1081,311,1448,595
00002909.jpg,960,444,127,108,336,218
00003395.jpg,612,408,410,74,513,152
00000844.jpg,372,280,166,11,271,103
00001582.jpg,957,1000,1,45,433,603
00000850.jpg,600,400,98,107,303,267
00003381.jpg,612,408,231,131,346,220
00002921.jpg,870,580,325,99,429,181
00000105.jpg,1800,1200,689,102,1026,364
00002712.jpg,500,334,285,88,340,130
00002074.jpg,608,406,278,47,461,189
00001569.jpg,600,900,243,83,444,434
00000677.jpg,678,446,205,146,344,254
00002060.jpg,640,640,42,109,297,406
00002706.jpg,612,408,163,123,291,222
00003418.jpg,800,800,325,306,468,473
00003430.jpg,800,800,388,45,479,151
00001541.jpg,408,544,148,20,252,180
00002048.jpg,1300,867,585,120,862,335
00003342.jpg,736,1103,250,365,366,563
00000893.jpg,300,300,60,37,118,105
00001555.jpg,1500,1500,414,122,1102,923
00001233.jpg,667,1000,225,63,465,481
00003424.jpg,736,508,224,104,336,194
00001964.jpg,600,418,241,37,377,145
00001958.jpg,400,326,101,16,272,182
00003197.jpg,1024,681,381,96,819,435
00003183.jpg,960,481,579,76,960,325
00001794.jpg,866,1390,298,62,630,669
00002276.jpg,1326,1800,362,606,760,1236
00003168.jpg,1300,957,463,114,673,290
00001019.jpg,640,761,307,52,446,246
00003154.jpg,612,408,313,45,509,198
00001743.jpg,600,900,252,28,462,394
00001025.jpg,867,1300,393,96,574,405
00002538.jpg,400,267,102,4,361,201
00001757.jpg,1300,1360,501,147,761,464
00003140.jpg,630,354,124,9,630,354
00003178.jpg,2000,1333,1487,244,1776,469
00000317.jpg,1001,1600,460,90,624,397
00000303.jpg,389,280,102,103,238,219
00002514.jpg,716,996,286,226,402,412
00002272.jpg,1024,746,292,179,675,503
00003144.jpg,481,323,26,87,168,198
00001753.jpg,976,1300,532,97,651,281
00001035.jpg,682,1023,154,1,359,282
00001021.jpg,1012,1390,309,72,607,538
00001747.jpg,1600,1167,414,23,916,450
00000459.jpg,3024,4032,1235,1651,1766,2475
00003150.jpg,750,502,483,30,612,131
00001974.jpg,1050,700,405,84,614,247
00001960.jpg,1300,861,661,159,1087,488
00001948.jpg,1000,1500,285,151,561,632
00001790.jpg,800,533,234,60,644,377
00002299.jpg,375,500,83,106,193,277
00003187.jpg,510,340,97,62,186,132
00003193.jpg,1000,1000,222,609,340,747
00000115.jpg,1024,683,267,132,472,291
00002702.jpg,1362,2048,442,343,931,1182
00002064.jpg,1600,1167,605,99,918,365
00000667.jpg,2000,1125,749,421,1338,807
00001237.jpg,1300,731,532,65,804,239
00000129.jpg,1600,1156,695,231,893,398
00000897.jpg,1000,1777,291,295,707,1137
00001551.jpg,800,558,382,52,633,251
00002058.jpg,800,533,556,103,685,203
00001545.jpg,684,1024,284,385,388,565
00001223.jpg,1300,1300,468,77,859,532
00003434.jpg,447,497,109,235,213,367
00002919.jpg,1000,600,124,32,362,199
00003385.jpg,736,689,248,52,377,193
00000854.jpg,1358,1045,428,205,771,506
00001592.jpg,2940,1960,1046,144,1822,746
00000840.jpg,1300,866,438,191,903,552
00001586.jpg,800,533,309,70,503,224
00002931.jpg,800,800,89,509,224,665
00000061.jpg,339,508,194,97,239,176
00002676.jpg,467,700,171,69,335,354
00002110.jpg,2000,1125,444,203,941,521
00001419.jpg,3005,1960,994,76,2365,1116
00000707.jpg,720,405,414,17,641,169
00000713.jpg,1280,853,269,73,646,365
00002662.jpg,650,433,228,108,462,285
00000075.jpg,1000,597,52,7,634,402
00002892.jpg,1200,675,351,1,1165,517
00001343.jpg,892,1000,369,75,615,396
00001425.jpg,1280,853,891,204,1092,360
00003232.jpg,960,641,140,17,454,257
00002138.jpg,1300,917,473,78,824,366
00001431.jpg,1000,667,428,153,661,334
00001357.jpg,866,1300,188,266,280,428
00000908.jpg,1300,866,260,87,544,307
00001380.jpg,1000,1500,449,433,649,782
00002851.jpg,1400,788,69,140,816,630
00002689.jpg,500,751,126,264,206,405
00000920.jpg,1600,1167,421,33,1109,629
00002845.jpg,1000,1500,511,368,616,551
00002312.jpg,651,1024,283,125,361,264
00002474.jpg,1023,716,1,41,575,558
00000263.jpg,960,864,732,112,846,231
00001169.jpg,1470,980,487,106,969,472
00002306.jpg,700,933,345,69,538,368
00003018.jpg,360,540,110,64,181,184
00003030.jpg,1023,697,194,48,670,426
00000539.jpg,1125,750,854,4,1089,187
00001627.jpg,333,519,160,78,252,241
00002448.jpg,1000,750,111,95,338,289
00001155.jpg,1300,956,464,220,823,520
00001633.jpg,1066,1689,321,138,670,769
00001814.jpg,1000,667,666,293,787,385
00001182.jpg,866,1390,400,231,478,376
00001196.jpg,1474,980,848,94,1101,290
00001829.jpg,1024,684,344,51,639,280
00001815.jpg,333,519,135,25,189,120
00001801.jpg,612,408,307,142,465,265
00001154.jpg,1024,684,185,37,850,553
00003025.jpg,480,480,273,16,365,121
00001632.jpg,390,280,174,16,299,121
00000538.jpg,650,434,475,196,626,313
00003031.jpg,500,384,258,113,317,164
00002449.jpg,512,512,116,50,401,382
00001140.jpg,1000,667,434,81,652,251
00001168.jpg,866,1300,313,123,498,445
00000510.jpg,1300,867,417,74,707,299
00003019.jpg,800,534,75,100,512,439
00002307.jpg,512,768,152,5,381,397
00002313.jpg,680,1023,220,61,488,530
00000504.jpg,1500,1101,221,244,453,442
00002475.jpg,540,349,210,175,264,215
00000935.jpg,1232,821,491,177,754,386
00001395.jpg,1000,667,189,1,1000,665
00002850.jpg,1333,2000,479,180,694,555
00001381.jpg,2000,1333,822,107,1308,484
00000921.jpg,509,339,255,1,442,144
00002878.jpg,736,489,298,186,449,302
00001430.jpg,538,612,197,92,331,268
00002139.jpg,1000,667,55,19,577,424
00002887.jpg,940,529,77,261,257,379
00001356.jpg,800,533,259,47,521,251
00002893.jpg,1300,960,236,194,779,661
00003233.jpg,800,800,337,197,475,357
00001424.jpg,1066,1600,457,739,739,1231
00002105.jpg,450,300,1,1,420,193
00000074.jpg,1300,945,471,112,755,347
00002663.jpg,650,488,79,83,275,254
00002677.jpg,500,333,145,36,373,217
00000706.jpg,6000,4000,410,1034,1037,1531
00001418.jpg,2825,4237,1327,402,1663,988
00002111.jpg,1024,683,315,93,873,536
00003390.jpg,1080,828,258,30,762,488
00000699.jpg,1000,1000,345,337,645,687
00001587.jpg,2325,3500,1142,862,1516,1519
00000841.jpg,1500,1000,500,1,1372,621
00002930.jpg,1068,1689,228,335,471,783
00001593.jpg,334,500,93,53,167,180
00003384.jpg,1333,2000,539,550,759,933
00002918.jpg,2370,1350,1259,332,1666,602
00000869.jpg,1300,956,501,56,918,413
00001544.jpg,1000,672,397,42,679,262
00000882.jpg,683,1023,359,184,434,317
00003353.jpg,390,280,171,108,214,145
00003435.jpg,640,960,143,117,309,406
00001222.jpg,800,501,487,47,694,195
00000128.jpg,910,607,491,201,662,333
00001236.jpg,600,900,179,18,356,326
00003421.jpg,736,490,136,21,438,254
00002059.jpg,408,612,116,73,250,306
00001550.jpg,683,1024,294,37,377,182
00000896.jpg,1232,821,398,146,794,453
00002071.jpg,867,1390,336,103,473,363
00001578.jpg,1307,1960,381,505,678,1024
00000100.jpg,1333,2000,664,478,974,1008
00000114.jpg,600,900,127,29,267,268
00000672.jpg,800,583,517,144,779,371
00002065.jpg,1024,830,444,51,624,217
00001785.jpg,1300,929,1,1,1053,498
00003192.jpg,800,533,382,60,633,254
00001791.jpg,590,393,225,56,427,212
00001961.jpg,1000,667,305,71,695,374
00001975.jpg,1000,667,381,57,657,271
00002529.jpg,420,512,187,1,260,74
00003151.jpg,1024,664,354,137,522,264
00001746.jpg,2000,1334,738,311,1340,778
00001752.jpg,1061,1300,414,92,600,352
00003145.jpg,500,331,44,34,373,287
00001034.jpg,600,438,87,24,215,133
00002273.jpg,1000,838,302,142,603,435
00002267.jpg,590,394,166,8,436,219
00000470.jpg,1000,562,291,124,495,258
00001008.jpg,1000,667,364,34,611,226
00002271.jpg,1800,1692,789,334,1354,939
00001778.jpg,866,1300,373,15,713,621
00000466.jpg,600,400,318,129,392,188
00000300.jpg,1000,667,185,165,339,284
00002517.jpg,960,441,65,111,261,216
00002503.jpg,780,520,281,41,734,393
00000472.jpg,1200,630,521,195,782,355
00002265.jpg,4248,3416,804,261,1635,1039
00001744.jpg,650,434,223,99,427,258
00003153.jpg,612,408,275,90,380,171
00000328.jpg,1470,980,859,170,1106,362
00003147.jpg,640,960,338,229,421,374
00002259.jpg,634,407,377,52,482,130
00001977.jpg,1300,861,401,59,957,487
00001787.jpg,1024,683,136,99,406,309
00003184.jpg,612,408,320,59,379,105
00002715.jpg,1200,1200,744,244,880,403
00000664.jpg,600,400,249,117,367,209
00002073.jpg,1000,662,297,49,625,296
00002067.jpg,1300,861,367,77,1003,578
00003379.jpg,612,408,93,255,226,358
00000670.jpg,1600,1155,403,173,737,454
00001208.jpg,600,900,350,106,415,220
00002701.jpg,1000,714,239,171,498,382
00003437.jpg,236,354,103,63,141,131
00003351.jpg,236,354,94,86,132,156
00000894.jpg,1428,2000,315,82,1165,1438
00001552.jpg,683,1024,380,449,454,579
00001234.jpg,800,582,256,124,518,341
00002932.jpg,2000,1334,673,79,1081,403
00000843.jpg,700,1055,482,84,560,220
00001585.jpg,407,612,67,54,257,379
00002098.jpg,281,519,109,4,167,131
00000857.jpg,1000,667,359,29,732,319
00001591.jpg,390,280,129,22,236,112
00002926.jpg,650,895,568,168,635,272
00001368.jpg,1500,1120,687,99,956,333
00003219.jpg,866,1390,302,281,657,943
00002113.jpg,800,533,108,37,500,341
00000704.jpg,612,387,114,87,276,203
00002675.jpg,505,340,127,56,363,240
00001354.jpg,2000,1333,871,102,1388,503
00002885.jpg,504,370,307,167,369,219
00003225.jpg,389,280,149,98,191,132
00001432.jpg,800,530,337,86,644,327
00001426.jpg,500,750,197,243,289,403
00000738.jpg,750,500,447,67,576,167
00003231.jpg,1200,1200,429,357,554,500
00002891.jpg,390,280,162,48,263,132
00001340.jpg,3840,5760,1042,1127,2035,2860
00002846.jpg,236,354,77,47,129,136
00001397.jpg,462,280,199,31,380,156
00000089.jpg,1000,1500,374,295,550,602
00000923.jpg,2888,2007,1346,169,1623,393
00001383.jpg,1000,1500,312,49,778,863
00002852.jpg,800,531,178,108,578,417
00002305.jpg,640,960,216,234,347,462
00002477.jpg,1000,1268,639,33,819,298
00000506.jpg,1024,683,211,221,373,346
00002311.jpg,559,800,181,183,364,482
00001630.jpg,1600,1132,41,8,1321,995
00002339.jpg,450,300,114,8,359,194
00003027.jpg,1470,980,954,335,1125,465
00001156.jpg,450,347,205,56,369,207
00003033.jpg,1024,688,246,265,547,506
00001624.jpg,1300,1390,505,135,904,632
00001817.jpg,626,417,143,23,387,216
00001803.jpg,600,420,102,40,467,337
00001195.jpg,1300,866,215,70,566,342
00001180.jpg,417,626,46,47,255,412
00002489.jpg,400,267,95,23,208,111
00001802.jpg,678,1024,252,148,376,362
00001631.jpg,236,327,97,114,134,173
00000249.jpg,600,420,369,52,468,130
00002310.jpg,866,1300,400,257,593,595
00000507.jpg,2000,1333,1246,52,1702,405
00002462.jpg,385,280,187,35,298,129
00000275.jpg,600,600,229,70,342,199
00002853.jpg,1030,693,318,170,443,268
00001382.jpg,1066,1689,413,95,589,419
00000088.jpg,3456,5184,1372,715,2048,1871
00001396.jpg,612,494,314,52,587,315
00002847.jpg,350,350,113,76,225,204
00000936.jpg,1000,667,397,59,718,308
00003230.jpg,2000,1331,1039,271,1466,601
00001427.jpg,390,280,136,25,237,109
00001341.jpg,1600,1157,627,129,868,332
00002890.jpg,735,1104,260,209,467,571
00002884.jpg,1500,1253,785,253,1085,545
00001355.jpg,1600,1167,335,1,1148,671
00001433.jpg,866,1300,341,111,510,407
00003224.jpg,612,408,94,162,345,356
00000705.jpg,2048,1365,788,242,1207,566
00002674.jpg,612,405,42,112,210,242
00001369.jpg,434,650,141,208,244,388
00000077.jpg,667,1000,262,162,332,281
00002660.jpg,626,417,194,57,359,185
00002106.jpg,600,420,233,11,356,111
00003218.jpg,500,334,272,101,352,163
00000711.jpg,480,320,58,111,165,194
00001590.jpg,1200,1800,130,474,569,1240
00000856.jpg,683,1023,257,193,324,307
00002099.jpg,1024,886,513,76,689,249
00003393.jpg,800,800,250,103,376,250
00001584.jpg,319,450,164,91,221,185
00000842.jpg,750,1124,250,186,330,326
00003344.jpg,1182,1208,506,495,647,662
00000895.jpg,512,704,59,68,370,566
00001235.jpg,600,419,187,1,593,250
00002728.jpg,866,1390,274,62,599,657
00003436.jpg,612,408,249,95,394,208
00001221.jpg,867,1000,381,90,544,308
00001547.jpg,1300,956,606,77,942,364
00000881.jpg,1500,1000,558,97,1000,440
00003378.jpg,600,400,267,122,358,191
00002066.jpg,1500,1120,509,16,897,353
00001209.jpg,800,582,266,71,548,309
00000103.jpg,1264,1500,576,418,957,943
00002714.jpg,390,280,97,26,292,189
00000665.jpg,2940,1960,1184,459,2191,1241
00003185.jpg,640,457,371,53,617,257
00001792.jpg,1335,2000,622,184,767,437
00001786.jpg,1300,956,316,170,823,614
00003191.jpg,500,333,174,69,331,191
00001976.jpg,350,263,58,40,141,113
00001962.jpg,632,420,190,11,406,179
00001989.jpg,1000,710,411,1,725,244
00001751.jpg,1136,1300,504,185,768,537
00002258.jpg,910,607,6,1,910,594
00003146.jpg,626,418,495,124,600,206
00003152.jpg,800,533,382,60,633,254
00001745.jpg,1300,866,514,110,905,413
00001023.jpg,364,500,146,44,216,155
00000315.jpg,335,254,83,31,195,130
00002264.jpg,718,1024,205,105,492,582
00001779.jpg,667,1000,282,158,391,346
00002516.jpg,2946,1960,874,264,1687,893
00000301.jpg,867,1300,437,392,599,670
00001006.jpg,450,321,11,14,297,257
00003177.jpg,150,150,48,1,98,48
00002269.jpg,1280,720,515,19,1276,625
00001760.jpg,1024,684,178,37,857,553
00003163.jpg,682,1023,415,360,532,565
00001012.jpg,1000,1500,431,435,627,784
00000442.jpg,768,1151,278,239,457,551
00001984.jpg,509,339,240,54,453,222
00001990.jpg,350,525,115,1,185,120
00002296.jpg,1000,667,449,39,877,378
00003188.jpg,1000,1000,227,225,410,443
00002282.jpg,800,600,85,67,301,255
00001562.jpg,735,946,415,51,499,174
00003413.jpg,626,445,126,126,241,221
00001204.jpg,1000,667,370,2,752,285
00001210.jpg,450,300,174,9,277,89
00003407.jpg,612,459,384,158,453,219
00003361.jpg,1024,683,241,378,464,551
00001576.jpg,1500,1138,674,111,1288,653
00002057.jpg,683,1024,387,97,513,311
00000640.jpg,1500,1101,154,254,550,599
00000898.jpg,675,900,265,56,403,275
00001238.jpg,1024,683,33,22,492,379
00002725.jpg,640,960,222,156,411,478
00002043.jpg,626,417,195,37,332,142
00002916.jpg,866,1390,434,308,539,509
00002902.jpg,1080,1080,268,96,870,796
00002094.jpg,662,1000,284,66,463,380
00002080.jpg,682,1023,46,1,638,409
00001589.jpg,867,1300,408,196,509,372
00000697.jpg,1500,1000,656,44,1118,402
00001416.jpg,333,519,86,26,156,152
00002679.jpg,866,1390,321,61,644,665
00001370.jpg,333,519,151,17,226,151
00001364.jpg,1000,678,384,169,593,334
00001402.jpg,2940,1960,1012,103,1319,336
00002123.jpg,682,1024,167,86,573,780
00000734.jpg,1900,1068,376,63,773,317
00002645.jpg,325,280,38,69,102,133
00002651.jpg,750,500,287,198,447,320
00002889.jpg,1024,683,86,1,811,499
00001358.jpg,1300,956,406,84,861,473
00002137.jpg,407,612,122,66,247,280
00000913.jpg,1500,1353,590,53,807,281
00002876.jpg,700,467,309,163,440,265
00000091.jpg,400,600,98,79,347,505
00000085.jpg,467,700,147,83,276,308
00002692.jpg,970,646,446,104,911,464
00003003.jpg,2000,1333,995,289,1912,1000
00001600.jpg,1333,2000,322,42,1097,1396
00003017.jpg,1300,806,440,113,917,458
00000536.jpg,1232,821,105,288,501,595
00001628.jpg,2000,1333,884,121,1390,514
00000522.jpg,612,408,58,106,250,255
00002484.jpg,1600,900,514,229,894,473
00001833.jpg,1300,957,406,97,1012,616
00001827.jpg,1500,1120,604,70,924,355
00002490.jpg,572,380,228,44,467,225
00001199.jpg,390,280,129,31,289,167
00001826.jpg,1600,1167,622,42,942,313
00001198.jpg,682,1024,307,63,388,205
00002491.jpg,1200,940,558,83,832,327
00002485.jpg,1072,1549,242,259,351,443
00001832.jpg,1024,682,174,50,824,543
00000523.jpg,1500,1004,826,377,1062,561
00002334.jpg,736,1104,251,48,408,317
00002452.jpg,660,373,91,92,511,368
00002446.jpg,900,602,499,80,611,167
00001629.jpg,450,319,188,46,269,112
00003016.jpg,1960,1634,1007,326,1525,817
00001601.jpg,800,534,504,107,638,212
00001167.jpg,626,417,277,56,458,196
00001615.jpg,2000,1331,772,95,1503,661
00003002.jpg,1300,957,455,471,751,724
00002687.jpg,504,330,85,137,176,206
00002877.jpg,2500,3745,736,226,1215,1061
00002863.jpg,1200,1185,811,426,923,555
00001359.jpg,626,417,141,105,293,223
00000047.jpg,1300,891,819,93,1057,283
00002650.jpg,1200,630,484,102,1031,436
00002136.jpg,480,320,89,5,201,90
00003228.jpg,960,640,1,1,960,633
00000735.jpg,1098,732,497,187,622,284
00002122.jpg,1400,1130,434,257,636,447
00001365.jpg,600,419,237,80,360,178
00001403.jpg,700,1050,263,189,419,461
00003200.jpg,495,639,287,182,346,270
00001417.jpg,608,406,138,11,423,232
00001371.jpg,910,1213,154,70,715,941
00002678.jpg,800,533,206,111,452,306
00001588.jpg,509,339,196,2,423,182
00002081.jpg,1500,2123,641,146,887,553
00002095.jpg,1500,1120,491,42,1028,508
00000682.jpg,640,860,301,220,413,396
00002903.jpg,3024,4032,1028,409,1504,1149
00000872.jpg,390,280,153,22,246,100
00000866.jpg,2037,1274,819,4,2032,1199
00002042.jpg,1050,700,404,21,628,195
00000899.jpg,1000,667,185,61,641,423
00000641.jpg,1000,667,489,314,660,448
00003348.jpg,612,408,363,176,535,309
00002730.jpg,1024,681,567,137,795,313
00000127.jpg,458,700,192,325,238,408
00001239.jpg,866,1390,413,293,507,473
00002718.jpg,720,576,354,73,526,236
00003406.jpg,800,800,518,510,671,688
00001577.jpg,735,492,156,24,309,144
00003374.jpg,587,600,139,327,234,437
00001563.jpg,612,408,270,68,485,235
00001205.jpg,1000,1500,336,232,772,994
00002283.jpg,500,508,167,53,335,247
00000480.jpg,800,600,330,132,592,361
00002297.jpg,441,600,287,58,352,161
00001991.jpg,1116,1600,220,1,883,993
00002240.jpg,2000,1333,405,188,933,598
00000331.jpg,667,1000,301,427,382,568
00000325.jpg,1000,667,320,58,590,263
00002254.jpg,427,640,186,67,259,195
00001985.jpg,493,280,179,1,327,94
00003162.jpg,1000,1000,227,225,410,443
00001775.jpg,1000,667,194,14,740,428
00001013.jpg,1162,1700,406,184,727,730
00001007.jpg,683,1024,276,168,393,373
00001761.jpg,800,582,270,75,522,283
00002518.jpg,350,200,21,8,207,132
00001011.jpg,390,280,132,23,269,139
00000469.jpg,735,494,107,217,199,287
00003160.jpg,1280,720,259,28,869,436
00001763.jpg,699,1050,150,1,699,1050
00000333.jpg,700,467,216,53,477,256
00002524.jpg,700,906,141,27,648,791
00002242.jpg,1600,1143,523,208,1207,777
00001993.jpg,450,378,217,19,303,103
00000441.jpg,1600,1168,373,4,1191,683
00001987.jpg,1300,1066,286,2,1291,961
00003148.jpg,390,280,125,25,299,170
00002530.jpg,612,408,241,32,422,171
00001039.jpg,1200,1800,367,118,684,672
00001978.jpg,1104,1300,402,138,531,314
00000496.jpg,682,1023,312,132,445,365
00001788.jpg,509,339,182,38,349,167
00002281.jpg,504,650,183,93,328,307
00002295.jpg,408,612,99,68,308,424
00001944.jpg,1024,683,354,65,901,490
00003362.jpg,424,490,106,94,158,164
00003404.jpg,682,1024,271,73,376,257
00003410.jpg,338,508,156,59,240,205
00000119.jpg,698,1050,270,192,348,325
00001561.jpg,361,254,125,1,321,143
00002068.jpg,2000,1204,715,121,1141,420
00000657.jpg,600,450,407,204,466,255
00001549.jpg,319,450,134,102,205,221
00002040.jpg,332,519,150,39,215,157
00003438.jpg,800,800,179,429,272,537
00002726.jpg,650,969,507,159,575,276
00000643.jpg,2121,1414,388,249,1039,755
00000870.jpg,1000,1500,401,331,551,594
00000864.jpg,970,776,155,104,487,407
00000858.jpg,1600,1157,369,183,689,452
00003389.jpg,626,418,79,82,248,213
00003216.jpg,600,400,159,86,351,236
00001401.jpg,480,720,209,299,260,389
00001373.jpg,601,900,251,88,321,212
00001415.jpg,850,1280,331,238,603,716
00003202.jpg,1068,1600,243,309,777,1220
00000723.jpg,1240,828,725,239,1020,469
00002134.jpg,1500,1089,708,77,1179,466
00002652.jpg,632,994,414,129,505,297
00000045.jpg,1600,1167,193,140,654,540
00000051.jpg,700,375,42,14,377,223
00002120.jpg,700,1050,302,367,387,515
00000737.jpg,662,576,147,25,221,99
00002875.jpg,360,254,128,31,228,112
00000910.jpg,2000,1333,498,250,1588,1096
00001398.jpg,1300,1062,272,49,1013,737
00000086.jpg,1300,867,446,52,650,211
00002691.jpg,650,650,94,78,575,637
00002685.jpg,823,576,240,117,412,257
00001165.jpg,1100,824,127,312,237,407
00001603.jpg,390,280,46,65,126,132
00003000.jpg,600,338,351,1,561,113
00000509.jpg,612,408,273,157,407,258
00001617.jpg,390,280,63,63,234,206
00001171.jpg,682,1024,223,253,356,481
00002478.jpg,600,412,45,48,193,167
00001159.jpg,1024,682,419,92,771,360
00002336.jpg,250,326,100,42,145,110
00000521.jpg,1184,790,684,112,1145,470
00000535.jpg,1600,1167,1039,108,1481,483
00002322.jpg,700,350,1,12,566,345
00002493.jpg,715,536,317,208,483,350
00001824.jpg,600,495,309,31,398,116
00001830.jpg,1000,667,348,64,721,360
00002487.jpg,533,800,187,58,303,261
00002486.jpg,600,400,228,61,356,160
00000285.jpg,867,1300,437,392,599,670
00002492.jpg,362,512,222,89,266,161
00001825.jpg,2000,1334,463,167,1282,802
00001819.jpg,1024,682,365,24,557,172
00002323.jpg,1331,1080,360,203,1085,888
00002445.jpg,385,450,156,105,204,168
00002451.jpg,1800,1200,204,1,1506,884
00001158.jpg,533,849,199,1,370,304
00000520.jpg,400,290,299,93,374,156
00000508.jpg,1500,1000,273,307,622,578
00003001.jpg,940,529,376,108,556,224
00001170.jpg,1300,957,431,138,797,452
00001164.jpg,1600,1156,1055,92,1222,236
00001602.jpg,612,408,144,107,400,310
00002684.jpg,1024,682,266,118,510,303
00000939.jpg,960,678,515,37,615,117
00002848.jpg,337,450,132,29,176,97
00000087.jpg,870,580,108,41,359,235
00001399.jpg,433,650,84,70,215,293
00002860.jpg,900,675,678,160,770,240
00002874.jpg,2048,2048,497,583,1158,1352
00002647.jpg,1000,1294,415,321,643,657
00000050.jpg,1065,1300,425,209,593,447
00001428.jpg,590,885,201,89,382,406
00002121.jpg,359,254,74,17,156,84
00002135.jpg,792,1200,521,189,648,409
00000044.jpg,873,580,314,70,626,311
00002653.jpg,1000,1500,434,146,755,706
00001372.jpg,270,420,96,28,129,87
00003203.jpg,612,408,299,240,413,329
00001400.jpg,2000,1333,540,178,1026,555
00003217.jpg,1024,683,341,240,569,417
00001366.jpg,800,568,269,90,499,276
00002928.jpg,1200,630,824,319,1097,486
00002096.jpg,600,420,221,37,377,163
00000681.jpg,650,433,387,100,509,194
00000859.jpg,891,980,185,125,458,475
00002914.jpg,1070,580,611,109,849,260
00000642.jpg,1200,800,235,170,465,349
00001548.jpg,3896,5999,1675,1118,2582,2743
00000656.jpg,700,525,149,243,298,373
00002727.jpg,868,1300,496,356,592,525
00003439.jpg,612,409,241,60,417,194
00000118.jpg,951,1000,321,127,547,398
00003377.jpg,390,280,56,18,139,88
00002069.jpg,1500,1203,1,47,683,728
00001560.jpg,1470,980,563,194,905,460
00003405.jpg,360,239,162,24,241,84
00001212.jpg,612,423,269,44,391,145
00002294.jpg,1050,1400,188,73,699,866
00002280.jpg,1000,750,593,62,846,283
00001789.jpg,1000,667,1,1,676,348
00001951.jpg,500,333,198,122,317,214
00001979.jpg,612,424,195,57,383,209
00001986.jpg,800,582,176,21,673,442
00001038.jpg,721,720,277,11,476,242
00002525.jpg,1200,800,99,46,839,621
00002243.jpg,750,500,166,28,298,130
00001762.jpg,722,1390,322,179,435,434
00003175.jpg,1000,1500,631,372,744,566
00001010.jpg,1120,1680,345,441,784,1191
00003161.jpg,508,340,125,77,253,178
00001776.jpg,591,519,259,26,352,122
00003159.jpg,960,641,339,106,809,479
00002247.jpg,640,357,563,108,639,201
00001996.jpg,1500,1101,607,108,882,343
00001028.jpg,1000,667,295,123,704,440
00002521.jpg,1024,683,350,81,633,301
00002535.jpg,960,720,459,66,708,282
00000322.jpg,800,582,315,66,522,241
00001982.jpg,626,417,311,12,473,137
00001772.jpg,1335,2000,553,143,832,629
00003165.jpg,262,280,75,197,119,250
00001014.jpg,1200,1800,278,80,691,786
00002509.jpg,390,480,151,60,216,154
00003171.jpg,682,1023,415,360,532,565
00001766.jpg,1600,1157,676,19,945,246
00000478.jpg,1023,819,437,135,788,462
00001955.jpg,640,797,98,48,396,480
00001941.jpg,861,1300,311,43,576,508
00001799.jpg,333,519,43,88,217,396
00001969.jpg,667,1024,259,91,443,412
00002723.jpg,1000,1500,231,175,641,874
00000652.jpg,920,634,482,66,593,155
00002045.jpg,1500,1000,1191,257,1497,559
00002051.jpg,345,520,149,66,207,167
00001558.jpg,500,333,285,16,404,108
00000120.jpg,736,1104,344,234,448,420
00003429.jpg,300,450,67,16,129,124
00002737.jpg,1800,1200,1461,536,1727,742
00001216.jpg,236,354,101,3,158,97
00001570.jpg,590,393,298,100,370,156
00001564.jpg,866,1390,327,83,599,580
00002938.jpg,550,309,21,29,278,205
00002086.jpg,300,450,46,21,171,240
00000849.jpg,636,1024,296,36,375,184
00002092.jpg,626,418,374,35,540,163
00002904.jpg,2048,1365,965,371,1402,710
00000875.jpg,800,582,513,153,711,321
00002910.jpg,480,320,120,195,191,250
00002657.jpg,236,354,93,45,169,177
00001438.jpg,640,960,132,127,291,403
00000726.jpg,1300,956,533,39,811,271
00002131.jpg,684,1024,189,121,488,641
00002125.jpg,1000,666,245,1,682,325
00002643.jpg,681,1024,295,211,434,454
00003213.jpg,626,417,299,47,439,155
00001404.jpg,600,900,213,88,284,212
00001410.jpg,1000,1250,385,437,589,734
00002119.jpg,1500,1120,530,1,1001,402
00000068.jpg,1177,1175,521,67,668,233
00001376.jpg,400,620,107,126,191,276
00002858.jpg,525,315,168,31,423,209
00002680.jpg,2500,1831,409,519,919,954
00001389.jpg,736,863,242,41,600,530
00000097.jpg,4256,2832,2214,752,2962,1331
00000901.jpg,866,1390,553,251,638,409
00000524.jpg,970,714,553,108,774,297
00002441.jpg,4256,2832,779,484,1769,1235
00001148.jpg,1331,2000,476,613,754,1099
00000256.jpg,1300,956,342,160,538,328
00000530.jpg,1300,866,534,342,752,512
00003039.jpg,509,339,302,28,497,183
00000518.jpg,400,211,87,93,198,159
00001606.jpg,867,1300,379,155,478,327
00001821.jpg,1024,683,238,18,707,383
00002496.jpg,956,1280,423,374,521,527
00000281.jpg,2832,4256,1236,1109,1867,2213
00002482.jpg,1000,774,577,258,704,372
00001835.jpg,590,393,33,84,196,211
00001809.jpg,800,533,107,41,593,418
00001808.jpg,590,393,255,4,590,342
00002483.jpg,750,500,174,55,315,162
00001834.jpg,683,1024,228,95,310,236
00001820.jpg,1300,950,481,24,899,378
00000280.jpg,1000,667,132,155,390,351
00002497.jpg,400,264,205,34,358,152
00001175.jpg,600,420,225,34,391,169
00001613.jpg,736,736,259,123,434,327
00003004.jpg,800,800,214,261,430,512
00003010.jpg,382,287,16,1,381,286
00001607.jpg,2410,3679,1142,1140,1393,1587
00000519.jpg,1000,667,220,57,579,336
00001161.jpg,332,519,61,3,242,325
00002468.jpg,980,654,75,23,645,457
00001149.jpg,1257,1300,524,171,731,421
00002440.jpg,338,450,240,107,277,165
00003038.jpg,612,407,324,72,470,187
00002326.jpg,474,640,133,99,289,343
00000525.jpg,612,416,33,122,175,233
00002454.jpg,500,750,186,63,316,288
00000243.jpg,870,580,384,62,624,249
00002871.jpg,858,1390,226,247,325,435
00000900.jpg,590,393,247,47,365,138
00000928.jpg,333,519,131,76,193,189
00001388.jpg,800,630,167,72,459,334
00002681.jpg,236,354,139,76,174,137
00000082.jpg,1150,1680,454,516,758,1033
00002118.jpg,1200,799,134,128,817,658
00003206.jpg,600,400,212,94,299,162
00001411.jpg,612,329,267,79,483,213
00001377.jpg,683,1024,253,27,405,293
00000069.jpg,1000,1500,399,909,515,1112
00001363.jpg,1024,768,427,58,607,215
00001405.jpg,318,450,122,134,170,213
00003212.jpg,800,800,259,278,518,579
00002124.jpg,1300,956,563,69,1228,638
00000055.jpg,750,1050,343,1,451,160
00000041.jpg,1024,683,244,20,768,426
00002130.jpg,2000,1334,774,195,1350,642
00001439.jpg,333,519,129,103,185,204
00000860.jpg,1500,1120,644,54,880,259
00002911.jpg,1600,1167,183,90,1069,842
00000874.jpg,866,1300,294,1,467,284
00000684.jpg,1030,580,312,20,622,228
00002939.jpg,566,850,262,153,330,271
00000848.jpg,1500,1000,509,122,897,423
00002087.jpg,1300,956,225,32,1106,770
00003399.jpg,390,280,142,61,243,145
00003372.jpg,408,612,151,266,203,356
00001203.jpg,333,519,158,68,223,187
00001571.jpg,2693,3914,880,606,1507,1666
00002736.jpg,640,467,154,61,288,175
00003428.jpg,1000,1000,295,288,475,497
00000135.jpg,3689,5515,1669,1285,2226,2254
00002722.jpg,1024,682,298,1,881,428
00002044.jpg,1300,957,846,98,1015,242
00000653.jpg,1040,694,451,113,678,289
00001968.jpg,2000,1333,854,259,1183,514
00001798.jpg,860,1300,315,132,424,324
00000486.jpg,402,604,157,67,209,159
00001940.jpg,626,417,220,39,421,194
00000492.jpg,1001,1500,383,124,606,513
00001954.jpg,1473,980,729,107,1348,586
00002508.jpg,236,346,59,25,124,136
00001001.jpg,800,582,301,57,487,215
00000479.jpg,565,321,485,164,565,223
00001767.jpg,612,408,124,12,480,289
00001773.jpg,683,1024,216,213,472,661
00001015.jpg,333,519,142,36,204,151
00000323.jpg,866,1390,367,225,507,485
00000445.jpg,973,648,123,199,317,350
00001983.jpg,1000,667,496,90,803,328
00001997.jpg,400,309,158,1,357,171
00002246.jpg,590,394,143,1,430,216
00000337.jpg,600,420,431,104,493,155
00001981.jpg,1068,1700,381,177,676,711
00000447.jpg,390,280,159,58,230,118
00002536.jpg,612,459,204,18,496,273
00000321.jpg,640,800,223,122,302,235
00002244.jpg,400,600,152,67,316,352
00000453.jpg,1000,667,481,133,592,217
00003172.jpg,262,280,75,197,119,250
00001003.jpg,500,333,148,63,327,202
00000309.jpg,1000,667,293,18,770,387
00001017.jpg,800,533,399,54,559,178
00001771.jpg,1000,667,133,63,755,545
00003166.jpg,1300,956,531,79,1087,555
00002293.jpg,1335,2000,638,413,843,772
00001942.jpg,400,280,204,34,324,130
00001956.jpg,1300,956,394,109,1000,628
00002287.jpg,433,650,120,36,336,412
00000123.jpg,681,1024,268,139,350,281
00002052.jpg,1300,956,480,125,871,453
00000645.jpg,590,393,299,109,422,202
00000889.jpg,612,408,215,66,435,237
00002046.jpg,1500,1120,490,96,904,455
00003358.jpg,800,533,235,173,406,305
00000137.jpg,600,900,217,23,325,207
00003416.jpg,236,346,83,11,118,70
00002708.jpg,2000,1228,60,115,469,407
00000679.jpg,1024,683,652,223,817,351
00001567.jpg,406,608,167,36,266,207
00003370.jpg,500,700,196,85,273,211
00003364.jpg,736,917,378,92,501,267
00001215.jpg,1001,1600,437,143,548,350
00003402.jpg,236,354,81,45,149,163
00002085.jpg,600,900,271,61,344,186
00000876.jpg,1500,1178,639,97,1018,444
00002640.jpg,612,408,264,68,531,276
00002898.jpg,600,401,1,3,501,393
00003238.jpg,612,413,72,89,322,282
00002132.jpg,1600,1167,553,46,942,383
00002654.jpg,900,600,339,105,898,539
00001413.jpg,1300,1021,498,90,842,404
00001407.jpg,1023,759,255,31,569,302
00000719.jpg,626,417,153,20,272,113
00002683.jpg,792,1024,484,194,599,366
00000094.jpg,1024,682,402,26,685,245
00002867.jpg,1920,1080,816,171,1146,387
00000916.jpg,681,1024,323,20,404,159
00000902.jpg,600,400,329,144,477,259
00000533.jpg,1500,1101,880,271,1312,640
00000255.jpg,401,343,239,67,392,219
00002456.jpg,629,472,104,229,174,288
00000527.jpg,1300,1002,252,202,470,398
00001639.jpg,682,1024,338,73,501,356
00002318.jpg,1728,1075,519,81,681,198
00003006.jpg,800,800,193,103,350,285
00001611.jpg,1024,683,433,33,682,226
00001177.jpg,667,1000,400,66,512,262
00001163.jpg,1600,1167,428,29,1142,649
00001605.jpg,2940,1960,1030,144,1672,641
00003012.jpg,510,340,56,50,409,318
00001836.jpg,1500,1120,448,66,861,425
00000296.jpg,682,1023,285,186,407,395
00001188.jpg,333,519,117,24,189,156
00002481.jpg,700,467,157,90,359,247
00002495.jpg,1024,682,126,80,478,353
00000282.jpg,434,650,196,133,303,321
00001822.jpg,318,450,115,25,176,123
00000283.jpg,1272,1960,485,280,607,498
00001823.jpg,683,1023,243,117,382,361
00001837.jpg,867,1390,316,189,517,566
00001162.jpg,1000,569,381,77,614,231
00001176.jpg,1800,1800,940,292,1200,594
00000240.jpg,400,267,37,2,228,150
00002325.jpg,1500,1101,617,108,1049,477
00000532.jpg,1000,667,97,169,320,342
00000254.jpg,864,1296,330,233,461,460
00000903.jpg,2936,1960,1061,464,1803,1041
00002872.jpg,510,340,31,65,382,331
00002866.jpg,800,600,427,71,630,251
00000917.jpg,2000,1375,820,306,1171,587
00002696.jpg,866,1300,279,156,539,621
00000095.jpg,612,408,159,1,457,220
00002682.jpg,600,401,47,56,271,230
00000718.jpg,1280,1280,951,459,1152,699
00001406.jpg,768,768,126,120,603,675
00002669.jpg,612,408,263,68,482,238
00001360.jpg,2000,1333,756,102,1262,503
00001374.jpg,863,1300,248,208,436,538
00002133.jpg,800,533,334,57,512,195
00000724.jpg,696,440,333,64,445,146
00002655.jpg,1600,1155,382,162,657,393
00002899.jpg,800,800,159,137,357,367
00002641.jpg,736,1104,246,201,482,613
00001348.jpg,1600,1167,961,67,1132,212
00002127.jpg,2048,1367,826,114,1254,439
00000877.jpg,400,245,108,18,304,157
00002912.jpg,894,894,158,264,357,501
00002084.jpg,600,420,232,11,368,122
00002090.jpg,867,1300,368,65,475,253
00001599.jpg,333,519,109,46,203,216
00003365.jpg,800,800,311,27,440,177
00001566.jpg,1024,1024,525,114,883,532
00000678.jpg,960,539,234,124,462,273
00000136.jpg,1600,1168,603,81,1272,650
00001228.jpg,390,280,208,12,339,121
00002735.jpg,400,600,154,65,229,196
00000644.jpg,612,408,209,114,455,301
00002053.jpg,1024,683,680,132,885,291
00003198.jpg,626,418,303,172,420,263
00002286.jpg,800,600,216,40,672,438
00001957.jpg,1600,1167,321,72,1139,766
00000485.jpg,576,768,333,156,393,249
00001943.jpg,1200,773,77,65,317,244
00001016.jpg,683,1023,288,34,376,188
00000308.jpg,620,348,262,29,381,107
00002279.jpg,1200,1800,334,335,687,938
00003167.jpg,2000,1333,1487,244,1776,469
00001770.jpg,800,533,190,30,769,489
00001764.jpg,1300,1142,367,61,1124,835
00003173.jpg,612,408,313,45,509,198
00000452.jpg,2939,1960,632,90,1535,791
00001994.jpg,300,470,36,7,266,408
00002245.jpg,512,512,155,1,382,164
00001980.jpg,1024,769,506,329,702,501
00001758.jpg,718,1024,308,46,390,182
00001703.jpg,2770,1960,984,80,1562,557
00001065.jpg,590,393,177,67,268,138
00001071.jpg,450,382,237,43,392,196
00002578.jpg,960,641,482,138,662,278
00003100.jpg,1080,814,36,67,939,809
00001717.jpg,2000,1281,571,84,1449,739
00000409.jpg,4000,6000,1339,1376,2121,2743
00003128.jpg,1000,1000,321,239,609,574
00002236.jpg,1280,853,363,79,902,496
00001059.jpg,857,1024,248,84,383,272
00002550.jpg,445,600,120,136,166,209
00002544.jpg,660,424,206,1,437,174
00000353.jpg,700,466,263,81,376,168
00001918.jpg,800,533,282,41,534,236
00001924.jpg,360,254,89,14,273,165
00002593.jpg,467,700,161,266,255,428
00002587.jpg,210,280,85,26,132,99
00001930.jpg,682,1023,195,1,384,123
00001267.jpg,500,749,198,174,298,344
00000179.jpg,1500,2250,704,409,854,671
00003470.jpg,236,157,54,46,140,112
00002008.jpg,2936,1960,1168,278,1755,735
00001501.jpg,1200,1800,473,208,616,457
00001515.jpg,1300,867,389,171,780,468
00003302.jpg,1600,1600,567,278,947,712
00003464.jpg,236,330,76,108,128,194
00001273.jpg,417,626,104,70,241,309
00000145.jpg,866,1390,353,101,526,418
00000623.jpg,2000,1333,1121,416,1697,863
00002034.jpg,510,340,115,124,214,202
00002020.jpg,800,533,556,103,685,203
00000637.jpg,1300,956,691,106,1027,393
00001529.jpg,683,1024,214,103,410,439
00000151.jpg,1024,681,328,215,678,487
00003458.jpg,236,268,109,14,158,79
00002975.jpg,612,408,240,60,538,291
00002949.jpg,288,360,109,74,176,170
00000838.jpg,799,1024,123,45,588,723
00001313.jpg,682,1024,230,69,475,488
00003504.jpg,236,354,52,96,99,179
00003262.jpg,681,1024,284,81,439,347
00001475.jpg,800,532,305,43,556,238
00001461.jpg,512,512,345,20,459,152
00003276.jpg,681,1024,284,81,439,347
00002168.jpg,1000,792,271,18,439,173
00003510.jpg,236,318,85,13,133,89
00001307.jpg,1000,667,403,47,691,266
00002626.jpg,612,408,203,103,421,273
00000031.jpg,434,650,170,328,222,418
00000757.jpg,800,582,258,148,479,335
00002140.jpg,1001,1600,363,235,521,523
00002154.jpg,1300,861,699,186,840,296
00002801.jpg,819,1024,367,186,608,537
00000970.jpg,1024,688,415,1,924,399
00002815.jpg,900,600,369,155,527,278
00002183.jpg,900,642,374,61,705,335
00000794.jpg,512,512,97,1,500,430
00000958.jpg,600,400,248,90,337,159
00002197.jpg,800,534,296,78,390,150
00003289.jpg,461,713,127,200,186,306
00002829.jpg,960,642,396,130,773,429
00000569.jpg,590,394,78,79,252,211
00002418.jpg,1023,682,243,64,557,307
00001105.jpg,1024,682,433,64,956,470
00003074.jpg,1600,1154,350,280,540,436
00001663.jpg,866,1300,339,230,509,532
00001893.jpg,875,1390,385,99,712,690
00000233.jpg,1300,1300,549,628,787,906
00002430.jpg,728,546,145,41,443,301
00001139.jpg,700,1050,305,58,507,410
00002356.jpg,359,320,66,41,104,80
00003048.jpg,2000,1333,242,318,1065,956
00001878.jpg,600,332,105,15,208,83
00001688.jpg,408,612,222,25,286,135
00001850.jpg,596,900,272,182,334,291
00001844.jpg,1600,1165,519,78,806,321
00000582.jpg,1200,675,314,366,599,553
00000583.jpg,2716,1810,1877,511,2365,889
00001845.jpg,1500,1120,608,64,943,354
00002380.jpg,746,431,76,31,222,129
00000597.jpg,1440,810,607,241,778,353
00001851.jpg,1300,867,241,68,785,490
00001689.jpg,1500,1000,529,160,810,383
00001879.jpg,509,339,141,28,395,225
00000226.jpg,1000,1500,336,559,458,771
00001138.jpg,332,519,61,3,242,325
00003049.jpg,600,901,221,187,355,420
00002357.jpg,536,600,178,148,336,353
00000540.jpg,612,408,245,138,378,241
00001886.jpg,612,612,204,22,392,241
00001892.jpg,866,1300,494,32,679,348
00002343.jpg,1000,1001,451,666,563,796
00001104.jpg,700,1050,86,1,604,738
00003061.jpg,1651,2190,616,416,826,740
00001676.jpg,736,1492,125,132,406,794
00002419.jpg,660,440,283,206,421,313
00003288.jpg,272,340,137,85,167,129
00000959.jpg,1125,1500,248,174,904,1169
00002828.jpg,600,338,139,57,453,263
00000965.jpg,1334,2000,520,325,977,1105
00002814.jpg,1024,682,418,152,628,311
00002800.jpg,1500,1000,106,38,609,428
00002633.jpg,750,501,189,106,268,167
00000024.jpg,829,580,167,36,257,109
00002141.jpg,174,238,82,44,117,101
00001448.jpg,1600,1168,661,228,1074,580
00002169.jpg,721,900,253,266,439,536
00003277.jpg,626,417,98,90,425,344
00001460.jpg,670,450,218,10,475,210
00001306.jpg,600,419,153,36,382,226
00000018.jpg,800,534,131,30,628,408
00003505.jpg,235,157,110,5,172,53
00001312.jpg,1001,1600,424,366,683,837
00001474.jpg,1098,732,23,350,237,517
00003263.jpg,800,533,388,71,526,178
00000193.jpg,1000,667,477,76,715,260
00002784.jpg,2000,1000,609,164,1372,618
00001299.jpg,500,750,211,76,368,350
00000839.jpg,1600,1122,966,127,1247,356
00000811.jpg,1500,1600,726,130,1139,633
00002960.jpg,1200,900,734,202,940,382
00002974.jpg,1024,683,169,104,361,253
00000805.jpg,450,319,196,40,299,125
00001528.jpg,450,318,206,93,298,168
00002021.jpg,493,280,243,21,335,82
00003459.jpg,236,322,89,27,119,73
00000150.jpg,1600,1127,512,82,1060,531
00002753.jpg,550,366,107,59,252,169
00002035.jpg,1500,1120,519,79,971,471
00003303.jpg,626,352,462,41,572,113
00001514.jpg,626,417,142,36,491,306
00001272.jpg,380,280,127,37,304,189
00003465.jpg,235,385,87,146,150,267
00003471.jpg,236,352,60,191,111,279
00000178.jpg,650,434,266,106,434,233
00001266.jpg,612,419,146,39,465,293
00003317.jpg,390,280,290,30,348,79
00002009.jpg,512,512,190,1,331,117
00001931.jpg,1334,2000,560,174,709,434
00001925.jpg,1335,2000,559,153,826,619
00002592.jpg,467,700,201,94,290,246
00002545.jpg,400,600,171,46,214,122
00002223.jpg,744,1116,217,205,566,801
00002237.jpg,768,1122,342,100,517,397
00002579.jpg,600,285,253,48,411,135
00000408.jpg,1000,1500,297,2,784,815
00003115.jpg,681,1024,289,157,465,465
00001702.jpg,866,1390,304,76,409,273
00003103.jpg,1200,628,80,46,538,324
00001072.jpg,1000,667,265,82,566,316
00001066.jpg,1068,1700,382,203,574,551
00003117.jpg,800,534,330,153,456,249
00002209.jpg,698,1050,200,93,548,688
00000436.jpg,4461,6680,1810,2047,2340,2991
00002547.jpg,1300,1051,651,324,1198,838
00002553.jpg,2560,1440,199,1,2203,1280
00000422.jpg,900,601,393,241,562,369
00001933.jpg,1500,1101,595,67,974,399
00002584.jpg,1280,720,561,96,885,312
00001099.jpg,612,408,1,1,511,404
00000387.jpg,1280,720,295,1,1280,718
00003467.jpg,236,157,44,29,112,83
00001270.jpg,1300,956,506,25,994,434
00003301.jpg,800,800,213,32,357,196
00001264.jpg,866,1300,322,628,528,988
00003473.jpg,236,354,61,99,111,187
00002745.jpg,1024,683,142,223,431,447
00002023.jpg,1600,2000,927,554,1247,1030
00002037.jpg,612,408,81,25,265,168
00002989.jpg,1707,2560,669,652,1130,1457
00002751.jpg,1000,666,479,175,598,267
00000146.jpg,870,580,488,44,704,208
00002962.jpg,2048,1365,718,567,1295,1006
00000813.jpg,2613,1960,6,1,1528,1547
00000807.jpg,1800,1202,816,199,1192,491
00002976.jpg,2048,2048,324,687,691,1115
00002786.jpg,768,512,188,63,607,388
00003498.jpg,235,353,56,84,154,255
00000191.jpg,400,259,162,27,280,115
00003513.jpg,236,157,59,31,145,97
00003275.jpg,236,353,83,82,126,155
00003261.jpg,612,408,286,57,495,220
00001476.jpg,408,612,159,101,245,250
00000768.jpg,866,1390,261,56,371,261
00002619.jpg,1024,683,780,114,980,269
00003507.jpg,236,236,38,58,108,137
00000026.jpg,1600,1158,258,300,783,742
00002631.jpg,2000,1333,874,252,1274,562
00003249.jpg,426,640,126,189,194,307
00002157.jpg,400,453,52,19,223,244
00000754.jpg,768,1024,307,174,514,495
00002143.jpg,612,408,255,38,495,224
00002625.jpg,384,640,153,91,211,204
00000032.jpg,1600,1157,555,63,1447,830
00002816.jpg,700,467,356,53,590,236
00000973.jpg,1600,1168,530,99,1066,555
00002802.jpg,1024,576,223,129,432,266
00000783.jpg,957,1300,380,199,499,387
00002180.jpg,1300,971,586,225,782,392
00003077.jpg,332,519,53,121,88,184
00001660.jpg,400,600,164,42,246,185
00001106.jpg,1800,1202,553,396,856,632
00001112.jpg,590,394,280,30,421,139
00001674.jpg,1300,956,486,81,764,319
00001884.jpg,434,600,98,3,335,375
00000542.jpg,1067,1700,249,688,492,1138
00002433.jpg,2000,2000,1138,294,1392,583
00000230.jpg,600,400,258,90,456,244
00002341.jpg,1000,624,387,316,571,446
00001890.jpg,800,597,311,39,455,164
00000556.jpg,2937,1960,796,302,1899,1158
00001648.jpg,1500,1101,739,240,1081,538
00001847.jpg,683,1024,299,179,417,384
00001853.jpg,318,420,159,65,221,160
00001852.jpg,1000,563,7,1,1000,561
00000580.jpg,2937,1960,1438,67,2401,832
00001846.jpg,600,439,191,39,306,137
00000231.jpg,1024,683,194,7,791,460
00002354.jpg,640,467,220,85,317,167
00000543.jpg,1620,1080,588,184,1193,653
00001885.jpg,1300,904,621,108,1038,446
00001113.jpg,626,418,236,2,626,152
00003062.jpg,1400,1050,575,281,805,478
00001675.jpg,1600,1168,883,93,1247,410
00001661.jpg,600,387,213,153,423,307
00003076.jpg,1916,2405,300,65,1544,1882
00000219.jpg,681,1023,253,107,324,228
00001107.jpg,533,849,231,68,297,191
00001488.jpg,1300,866,147,1,1300,856
00000796.jpg,1068,1700,548,114,740,469
00002181.jpg,470,627,197,55,289,198
00002195.jpg,584,860,269,131,361,292
00000972.jpg,612,408,92,82,231,190
00002803.jpg,868,1300,358,128,528,424
00002817.jpg,1500,1000,598,45,835,228
00000966.jpg,1300,986,294,217,1085,914
00002142.jpg,1200,675,705,100,911,235
00000755.jpg,800,533,253,42,539,264
00002624.jpg,612,408,151,98,263,183
00001339.jpg,600,419,218,21,331,111
00000741.jpg,1600,1157,304,107,579,339
00000999.jpg,590,884,266,84,337,209
00002156.jpg,692,1050,162,164,478,722
00003248.jpg,1300,956,574,119,798,310
00001477.jpg,4000,6000,1247,517,2503,2710
00003260.jpg,480,720,259,216,330,340
00002618.jpg,510,340,218,44,389,177
00001311.jpg,736,942,143,80,544,678
00001305.jpg,1300,866,273,146,501,324
00001463.jpg,2000,1334,678,47,1363,579
00002787.jpg,720,810,232,159,411,392
00002963.jpg,1800,900,1430,54,1800,315
00000812.jpg,1156,1600,394,218,606,560
00000621.jpg,1600,1156,790,259,1083,506
00001259.jpg,1500,1101,811,99,1359,567
00002988.jpg,321,254,126,75,209,151
00002744.jpg,681,1024,308,131,435,354
00000153.jpg,1500,844,1034,77,1327,269
00002022.jpg,1440,810,463,48,978,393
00003314.jpg,1335,2000,769,297,1197,1044
00003472.jpg,236,140,27,1,169,99
00001271.jpg,667,1000,305,170,373,289
00003300.jpg,236,280,109,17,141,62
00001517.jpg,462,280,80,1,445,183
00000609.jpg,390,280,246,28,328,96
00000386.jpg,650,434,151,103,290,210
00001926.jpg,1600,1156,180,7,1241,919
00000423.jpg,1001,1620,284,50,643,728
00002220.jpg,364,480,53,38,316,442
00000351.jpg,1300,956,529,104,929,446
00001067.jpg,500,333,160,27,389,208
00000379.jpg,467,700,238,18,297,121
00003116.jpg,1280,854,433,277,673,459
00001701.jpg,433,650,172,116,267,281
00003102.jpg,612,408,299,240,413,329
00001073.jpg,333,519,135,12,227,178
00002542.jpg,1500,1000,123,5,1016,668
00002224.jpg,1000,777,647,150,733,227
00002230.jpg,640,881,130,135,292,400
00001739.jpg,1000,667,337,66,689,339
00000427.jpg,2316,2557,1620,834,2316,1853
00002556.jpg,5472,3648,1585,1720,3886,3505
00002218.jpg,3734,4800,2096,478,2795,1525
00001705.jpg,1280,720,831,89,1056,237
00003112.jpg,390,280,160,1,338,104
00001063.jpg,1500,1389,15,1,1032,883
00001088.jpg,1800,1202,699,331,983,552
00000396.jpg,600,400,148,61,377,242
00002581.jpg,1365,2048,552,134,897,750
00001922.jpg,1000,667,383,39,587,198
00002595.jpg,858,572,396,140,618,312
00002026.jpg,683,1023,291,117,380,271
00001249.jpg,236,297,50,5,151,153
00002740.jpg,1024,683,340,192,449,277
00000143.jpg,736,919,218,121,444,449
00000625.jpg,450,321,209,86,265,132
00002032.jpg,700,1050,282,76,405,291
00003304.jpg,1023,683,58,123,271,285
00001275.jpg,1242,1530,349,192,567,505
00003476.jpg,236,157,85,25,138,67
00002768.jpg,920,460,1,56,501,403
00003310.jpg,612,408,256,65,453,217
00000619.jpg,1024,683,157,257,416,458
00001507.jpg,640,963,229,35,421,372
00002783.jpg,454,340,49,54,243,223
00000194.jpg,866,1390,366,265,518,549
00000180.jpg,1000,624,340,35,750,332
00002797.jpg,1000,667,206,43,306,121
00003489.jpg,222,288,117,46,152,99
00000816.jpg,299,450,1,5,112,327
00000802.jpg,682,1024,253,85,329,218
00002152.jpg,1280,861,589,300,766,439
00000023.jpg,1000,1500,375,285,562,612
00002634.jpg,333,519,52,117,116,232
00002620.jpg,1600,1167,771,117,1369,624
00001329.jpg,600,420,139,1,276,56
00000989.jpg,1000,667,422,102,868,448
00000751.jpg,733,1023,294,76,431,299
00003258.jpg,626,417,143,48,257,137
00002146.jpg,397,600,159,70,233,199
00000779.jpg,1600,1168,315,155,672,465
00002608.jpg,2000,1333,1121,404,1548,728
00001301.jpg,385,280,55,38,168,134
00001315.jpg,689,900,156,6,470,484
00003502.jpg,200,150,1,1,200,149
00003264.jpg,1001,1001,373,17,626,305
00001473.jpg,736,736,181,91,547,517
00000786.jpg,1024,683,27,1,650,452
00002191.jpg,400,285,74,24,158,92
00000792.jpg,1000,1000,262,33,728,575
00000962.jpg,700,525,82,10,557,424
00002807.jpg,600,369,275,45,452,172
00000976.jpg,1202,1800,332,499,572,927
00002436.jpg,925,1200,231,70,683,753
00000547.jpg,1001,1600,30,327,222,692
00001881.jpg,900,556,192,27,740,429
00001659.jpg,1280,720,1,1,1280,712
00002350.jpg,750,440,333,50,454,133
00000553.jpg,800,582,202,40,418,223
00000235.jpg,4000,6000,1521,1867,1939,2580
00002422.jpg,500,500,177,294,291,427
00003072.jpg,612,408,220,78,351,179
00001665.jpg,1000,667,413,90,645,267
00003066.jpg,1157,887,296,70,487,240
00001117.jpg,1500,1201,454,130,1045,681
00002393.jpg,1400,1120,532,346,944,729
00000584.jpg,6000,3887,2014,1076,2654,1559
00001842.jpg,700,1050,313,100,419,284
00000590.jpg,1000,571,521,281,721,414
00001856.jpg,364,280,1,1,276,138
00002387.jpg,388,480,162,76,287,255
00003098.jpg,1023,682,827,413,934,496
00001843.jpg,682,1024,254,75,438,397
00000585.jpg,1500,1000,1037,113,1259,285
00003067.jpg,1600,1066,781,431,1033,626
00002379.jpg,550,350,183,15,414,186
00001670.jpg,1024,768,248,66,569,346
00000208.jpg,773,580,162,79,252,158
00003073.jpg,1300,866,700,233,1127,571
00001894.jpg,1600,1167,621,94,947,371
00002423.jpg,612,459,138,4,526,344
00000220.jpg,450,328,207,83,262,128
00002437.jpg,866,1300,326,332,586,778
00002351.jpg,800,534,387,128,510,224
00001658.jpg,1300,956,443,131,834,458
00000963.jpg,800,582,230,73,707,477
00000793.jpg,1111,980,301,6,893,602
00002190.jpg,735,489,39,93,457,417
00001499.jpg,800,527,224,22,465,207
00000787.jpg,650,434,281,68,429,180
00001472.jpg,1000,1500,383,1,1000,1054
00000778.jpg,1200,1800,267,289,636,919
00003517.jpg,236,236,81,40,160,132
00002621.jpg,1050,700,237,151,425,297
00002147.jpg,667,1000,295,13,566,486
00000988.jpg,1300,866,269,86,497,263
00002153.jpg,688,1050,231,111,313,253
00000022.jpg,767,512,475,129,558,194
00002972.jpg,2000,1333,479,205,996,606
00000803.jpg,1500,2250,613,575,1105,1415
00000817.jpg,667,1000,268,32,410,280
00002966.jpg,660,367,214,102,287,150
00002796.jpg,800,800,370,194,596,456
00000181.jpg,1600,1158,451,30,1306,750
00002782.jpg,608,406,169,30,231,79
00002769.jpg,960,640,114,7,650,423
00003477.jpg,235,176,132,52,182,95
00001260.jpg,867,1390,282,83,543,559
00001506.jpg,653,1024,321,190,433,391
00000618.jpg,800,582,62,11,313,224
00003311.jpg,1280,853,424,116,853,448
00003305.jpg,200,300,78,44,137,147
00003463.jpg,550,366,104,24,366,231
00000142.jpg,600,750,260,1,546,370
00002755.jpg,994,663,603,222,816,387
00002033.jpg,864,1390,272,61,427,345
00003339.jpg,626,352,222,139,383,245
00001248.jpg,891,1000,421,170,562,353
00001923.jpg,1500,1029,590,121,890,360
00002594.jpg,650,975,286,154,382,325
00002580.jpg,1400,1000,412,150,1400,993
00001089.jpg,1000,667,207,39,477,248
00001937.jpg,800,533,258,32,474,196
00003113.jpg,1000,667,79,157,438,430
00001704.jpg,683,1023,370,39,516,293
00001710.jpg,626,417,203,36,330,135
00002219.jpg,306,423,99,49,219,242
00000426.jpg,686,1029,303,119,450,375
00001738.jpg,974,1390,412,392,514,561
00002231.jpg,900,680,688,23,821,140
00002557.jpg,1500,1120,218,45,735,494
00000340.jpg,800,583,469,99,629,235
00002225.jpg,700,933,281,132,407,327
00000432.jpg,700,467,367,52,569,209
00002555.jpg,1024,656,750,143,964,302
00002233.jpg,700,933,342,100,498,342
00000430.jpg,800,800,278,165,380,283
00002227.jpg,1000,667,95,5,895,574
00001048.jpg,1000,1250,458,390,634,646
00001060.jpg,1300,956,735,81,959,272
00001706.jpg,1300,867,444,177,843,488
00003111.jpg,500,333,186,112,321,217
00001074.jpg,1600,1156,655,75,913,291
00002596.jpg,960,641,248,143,658,462
00000381.jpg,829,580,291,49,530,240
00001921.jpg,1300,956,372,57,847,464
00001935.jpg,1300,956,394,109,1000,628
00000626.jpg,500,334,299,31,443,143
00002031.jpg,2000,1333,645,66,1500,744
00003449.jpg,236,354,69,37,155,188
00000154.jpg,626,398,345,91,465,179
00002743.jpg,900,596,289,79,508,248
00003475.jpg,236,115,78,1,234,104
00001276.jpg,800,533,191,1,677,346
00000168.jpg,1000,667,228,12,906,527
00001510.jpg,1600,1168,559,113,1360,795
00002019.jpg,600,419,191,29,306,122
00001289.jpg,1005,1300,234,156,694,834
00000829.jpg,2000,3000,802,380,1248,1158
00000801.jpg,406,612,151,38,273,253
00002970.jpg,1000,1000,599,608,760,796
00002964.jpg,640,360,14,20,215,151
00000752.jpg,967,1300,424,74,635,412
00002145.jpg,866,1300,378,456,506,680
00000020.jpg,1000,667,288,20,516,193
00002151.jpg,320,405,115,116,182,212
00001458.jpg,650,433,366,113,554,256
00003267.jpg,509,340,300,87,406,169
00002179.jpg,1600,900,434,25,1179,513
00001470.jpg,1365,2048,483,495,1067,1514
00000008.jpg,1300,867,820,234,1016,387
00001316.jpg,626,418,105,3,539,154
00003501.jpg,236,365,94,104,138,184
00001302.jpg,800,532,101,91,458,367
00003273.jpg,612,408,184,75,299,164
00002186.jpg,1082,1689,418,169,608,514
00003298.jpg,750,500,333,113,515,252
00000785.jpg,866,1390,351,209,439,374
00002192.jpg,800,470,6,73,237,231
00002804.jpg,509,339,25,81,134,166
00002810.jpg,346,280,133,84,260,203
00002421.jpg,1210,988,111,256,227,366
00003059.jpg,1140,854,837,532,1009,682
00000550.jpg,612,408,149,123,334,262
00001882.jpg,1024,869,673,214,797,335
00002353.jpg,335,500,126,60,229,239
00000222.jpg,1300,956,466,151,776,415
00001114.jpg,865,1390,269,321,349,466
00001672.jpg,600,420,44,52,302,262
00003065.jpg,1300,851,272,160,1013,736
00003071.jpg,550,309,59,136,198,227
00000578.jpg,1024,682,102,139,378,353
00000593.jpg,612,408,444,112,605,238
00001855.jpg,683,1024,320,100,395,230
00002384.jpg,539,752,169,127,244,248
00002390.jpg,550,350,137,15,400,210
00001699.jpg,798,1024,246,172,532,598
00001841.jpg,735,490,266,57,541,274
00001869.jpg,600,400,185,36,336,154
00001868.jpg,590,393,356,91,505,204
00001840.jpg,356,200,204,14,316,87
00001698.jpg,2000,1335,190,92,944,679
00002391.jpg,408,612,82,273,202,482
00002385.jpg,512,463,401,59,480,142
00001854.jpg,612,367,278,23,507,182
00000592.jpg,1500,1031,273,274,444,411
00000579.jpg,3840,2560,1264,921,2394,1797
00003070.jpg,681,1024,299,155,495,491
00001673.jpg,500,750,186,41,321,276
00001883.jpg,390,280,153,14,281,120
00000545.jpg,1200,800,743,26,1047,261
00002420.jpg,690,1000,185,33,578,696
00001129.jpg,626,417,277,56,458,196
00001897.jpg,390,280,133,26,264,132
00000551.jpg,900,599,337,120,673,380
00003058.jpg,350,350,265,193,315,249
00002811.jpg,626,418,149,47,476,307
00000974.jpg,462,280,77,34,183,108
00002805.jpg,900,675,199,243,289,322
00000784.jpg,1300,866,284,103,935,608
00000948.jpg,800,582,170,82,327,215
00000790.jpg,1058,1600,437,86,710,567
00003299.jpg,500,367,206,113,294,186
00002839.jpg,994,663,524,106,810,324
00003514.jpg,236,354,93,37,133,106
00001465.jpg,2048,1365,864,159,1480,637
00002178.jpg,612,407,354,113,512,233
00003266.jpg,1300,1035,814,170,1038,377
00003500.jpg,236,236,31,29,120,133
00001317.jpg,1300,956,781,89,1009,280
00002636.jpg,1024,683,281,199,395,287
00001459.jpg,612,485,257,116,377,226
00002150.jpg,1300,918,797,190,981,342
00002144.jpg,2000,1333,657,52,1233,509
00000753.jpg,467,700,99,10,299,358
00002622.jpg,800,533,447,310,591,421
00002965.jpg,500,334,136,60,359,237
00000814.jpg,900,600,468,64,769,298
00000800.jpg,352,500,116,137,224,316
00002971.jpg,390,280,131,38,228,118
00001288.jpg,500,750,182,54,292,244
00000196.jpg,1600,1168,895,170,1467,656
00002959.jpg,1200,630,564,106,1032,392
00002781.jpg,1000,1500,401,331,551,594
00000828.jpg,300,470,95,40,154,147
00002795.jpg,1000,760,680,170,848,319
00000182.jpg,1024,681,583,128,859,342
00000169.jpg,480,720,209,299,260,389
00001277.jpg,500,749,203,173,282,307
00003460.jpg,235,353,72,78,123,168
00003306.jpg,779,900,155,187,671,867
00002018.jpg,1080,1080,204,81,861,846
00003312.jpg,800,800,268,228,538,542
00000155.jpg,1000,684,483,276,585,357
00002024.jpg,612,436,189,17,423,214
00002030.jpg,640,640,470,68,536,144
00001539.jpg,864,1300,206,391,450,808
00000141.jpg,334,519,162,106,261,280
00002756.jpg,1600,1157,68,15,409,302
00001908.jpg,626,938,289,78,359,200
00001934.jpg,1500,1120,662,91,1067,443
00002583.jpg,900,600,235,105,462,282
00000380.jpg,1500,1000,452,100,1265,717
00002597.jpg,681,1024,277,190,425,450
00001920.jpg,865,1300,370,138,469,310
00001713.jpg,334,518,148,53,191,131
00003104.jpg,511,340,64,1,423,260
00001075.jpg,570,537,203,20,361,197
00001061.jpg,2000,3000,582,222,1111,1164
00003110.jpg,600,400,95,100,272,237
00000419.jpg,489,500,238,105,326,209
00001707.jpg,800,534,381,13,575,160
00003138.jpg,508,339,207,72,444,260
00001049.jpg,1024,683,345,83,736,387
00002540.jpg,276,340,71,62,172,206
00002554.jpg,1200,900,451,107,707,330
00002232.jpg,620,349,4,36,186,158
